oil,Ex,SPY,DGS3,inf,unrate,indpro,house_starts
0.0,0.0012493085810445,-0.0395447360031742,-0.39,0.0013610073553747,-0.4,-0.0089356835713925,0.029026675050590534
0.0,0.0009270484868457,-0.0137186267029143,-0.65,0.0,0.600000000000001,-0.0090204532755455,-0.30400440240260007
0.0,0.0012821884436378,0.0128218460850169,-0.0800000000000001,0.00441052453733,-0.2,-0.007958082954032,0.15040801558881967
0.0,-0.0012465498898466,-0.0091933950794365,0.0600000000000001,0.0010150567611519,-0.100000000000001,-0.0011444801283144,-0.014062731749739932
0.0,-0.0011767434096312,0.0362770931679606,-0.83,0.0013518082491144,0.300000000000001,-0.0126507248460586,-0.0190633255094097
0.0,0.0020316878903188,-0.0251118412158524,-0.16,-0.0020283982613928,0.0999999999999996,-0.0034765881875085,-0.04092224012206991
0.0,0.0006407290291461,0.0119271551876352,0.0,0.0020283982613928,0.0999999999999996,-0.0011644306603519,0.11583181552511945
0.0,0.0008892209232715,-0.0305449545837266,0.18,0.0,-0.0999999999999996,-0.0105195406263037,-0.20307106080785964
0.0,-0.0003911597937613,-0.0199011543172953,-0.18,0.0047169898781387,0.6,-0.0011737577080031,0.12735923907217028
0.0,0.0007110858580225,0.0318708293264129,0.0700000000000003,0.001007895264224,0.0,-0.0142201871212051,0.0
0.0,-0.0022060140595472,0.0236939916599628,-0.12,0.001006880434117,0.5,-0.0192758629122376,-0.15884332100544984
0.0,-0.0003562649223616,0.0501306469438836,-0.0099999999999997,0.0010058676455804,0.0,0.0012137155846123,0.10695848563643917
0.0,-0.0023188209380531,0.0402055956102565,0.18,0.0,0.300000000000001,-0.0012137155846123,0.03570325251777007
0.0,-0.0008575410537305,0.0308837594601066,-0.0299999999999998,0.0,0.0,0.0060628751359148,0.06779585300786994
0.0,0.0002144542148472,0.0263193337384333,-0.1,-0.0010058676455804,0.0999999999999996,0.0203483578391777,-0.11797360259358936
0.0,-0.0014663545840203,0.0101262861820226,0.0,0.0010058676455804,0.0999999999999996,0.0152853265183981,0.05180774179665004
0.0,-0.001504352158772,-0.013321420128853,0.04,0.0,-0.199999999999999,0.0139070902787894,0.11814489562052977
0.0,-0.0008606469727256,-0.0027468352384634,-0.0899999999999999,0.0026773777707163,0.0999999999999996,0.0114390808766394,-0.03460043349326991
0.0,0.0055453337816104,0.035280999148382,0.15,0.0006682258852057,-0.4,0.0090613221705471,-0.017378601330320542
0.0,0.0033124996896956,-0.0078489851307503,-0.11,0.0013351136829693,0.100000000000001,-0.0011260908886119,0.08542220842584047
0.0,0.0011372522371495,0.0109419988639834,0.02,0.0,-0.2,0.0190019615793902,-0.009845367852530096
0.0,-0.000177610429751,0.0442982981103439,0.18,0.0,-0.4,0.0153870207601376,-0.02142939145590006
0.0,-0.0018846125233162,0.0092424688176855,0.12,0.0010001667778238,-0.0999999999999996,0.008683425805144,-0.014545711002379669
0.0,0.0004981674657342,-0.0379279890032551,0.12,0.0009991674436582,-0.2,-0.008683425805144,-0.0029347049675898518
0.0,0.0012798636559354,0.0165126876394046,0.0099999999999997,0.0023275155977087,-0.3,0.0162255334881225,-0.06292336771399043
0.0,0.0002486722689949,0.0009963704475284,-0.0099999999999997,0.0019907106773273,0.0999999999999996,0.0053492096806762,0.12142792383639023
0.0,-0.0004618691571278,-0.0323868120903397,0.0099999999999997,0.0013249422276104,0.0,0.0021324880042996,0.054614177472720016
0.0,-0.0006754234984203,-0.0772667454636373,-0.04,0.0009925559127519,-0.0999999999999996,-0.0010676537545717,-0.027271394108660196
0.0,-0.0013522171301054,-0.124253359546636,0.04,-0.0009925559127519,0.0,-0.0021308035802154,-0.054741757552170256
0.0,-0.0006055317287732,0.0238021894051021,0.19,0.0003309614460129,-0.0999999999999996,0.0095687713317915,0.03223825082886034
0.0,-0.0009981463825998,0.0268437626596194,-0.1,0.0019834717246545,0.3,0.0010558233163813,0.045171143933909974
0.0,-0.0010348458468079,-0.0089255656055042,-0.04,0.0046128582618987,-0.100000000000001,0.0063233310896464,-0.13607724285157996
0.0,0.0001428010426902,-0.0320602040020779,-0.0399999999999996,-0.0013157896635198,-0.199999999999999,0.0010519590784015,0.14656914237485985
0.0,0.0002141633360555,0.0666282002209195,0.0899999999999999,0.0,0.3,0.0041851715044645,0.056433355803550356
0.0,0.0004995361553958,0.0423930449172873,0.04,0.0,-0.2,0.0,-0.036413313570100136
0.0,0.0005349405452008,0.0379058693626577,0.04,0.0019730358258582,0.2,0.007286977948103,-0.2289146478061399
0.0,-0.0004992689380127,0.0131319645560106,0.0099999999999997,0.0013131978249605,0.2,0.0113496430654902,0.15736095545750928
0.0,-0.0009992863072805,-0.0037996853983353,-0.0299999999999998,0.0009837679101325,-0.2,0.0061358149968229,0.05218575317057006
0.0,3.57059968258966e-05,0.0459799803117678,0.0099999999999997,-0.0009837679101325,0.0,0.0091318301445104,0.09625793488060008
0.0,-0.0003928361031182,0.0198710641973836,0.0300000000000002,0.0009837679101325,0.2,0.012046250991729,-0.028830825717709452
0.0,0.0002142933684403,-0.000427807493156,0.0600000000000001,0.0032722542287428,-0.300000000000001,0.0029917942188344,-0.03283044928301049
0.0,0.0002142474566311,-0.0149449541179951,0.19,0.0026101156743236,0.0,-0.0039885797608976,0.01624020702281026
0.0,-0.0004285408250714,0.0272776641174692,0.14,0.001953125620882,-0.199999999999999,0.0019962784751941,0.01537072991393984
0.0,-0.0006788987808323,0.0260043854228629,0.0600000000000001,-0.0009760859730554,0.0999999999999996,0.009918385992925,0.07293060365404003
0.0,3.57430077781995e-05,0.0024677829908048,0.0700000000000003,0.0009760859730554,0.0,0.006889163987267,0.00903450526795968
0.0,0.0,-0.0056299496458285,0.0699999999999998,0.0009751341582062,0.2,0.0048888316835213,-0.09239145299046925
0.0,-0.0004647587806876,0.0211193897622772,0.0,0.0032435967458424,-0.2,-0.0019533910582199,-0.08421291991062052
0.0,0.0006434546586491,0.0302771766266048,0.0,0.0019411199883445,0.0999999999999996,0.0087585684520266,0.07242983784481005
0.0,-0.000500428949534,0.0122206409072962,0.0099999999999997,-0.0009700890008947,-0.199999999999999,0.0067591797999178,0.1269596274612903
0.0,0.0004289544301696,0.0180554235814654,0.0100000000000002,0.0009700890008947,0.0,0.0,-0.18210180072231008
0.0,0.0003215951145261,0.0143633564193442,-0.0699999999999998,0.0003231539856849,-0.100000000000001,0.0162299297872126,-0.04655140640287048
0.0,0.000142897971092,0.0097100227621762,0.0099999999999997,0.0009688358581176,-0.2,0.0056665118690975,0.013036205197320072
0.0,-0.001859268270159,-0.0059642323916735,0.0,0.0009678981236351,0.100000000000001,0.0028195179439811,0.05503543177031034
-0.0169783365344178,-0.0016117770641253,0.0364655599011146,-0.02,0.0003224246360349,-0.3,0.0065538931772568,0.007712120486339735
0.0169783365344178,-0.0011118484727699,-0.0147684562905415,0.04,0.0009666506310952,0.0999999999999996,0.0065077798273063,0.0044714223333999215
0.0,-0.0011490126937383,0.0170489589892666,0.0299999999999998,0.0009657171199588,0.0999999999999996,0.0037007835158737,-0.0754325731274399
0.0,3.59266378096024e-05,0.0171167854267154,0.04,0.0012861738107439,0.0,-0.0139473911137067,0.046332556641000444
0.0,0.0004669288736667,0.0069293835316495,0.0700000000000003,0.0028878569724972,-0.3,0.0304301230517114,-0.025250510968890083
0.0,0.0020805689608769,-0.0174738802594527,0.2,0.0012808198997227,0.2,0.0117382111473892,-0.0013468015503699249
0.0,0.0002508106571847,0.0254011775437304,-0.0299999999999998,0.0009595394946995,-0.0999999999999996,0.010715843811409,-0.0865214210758598
0.0,0.0013604470091979,0.007288746330806,0.12,0.0,0.199999999999999,0.0061966494664353,0.05155042517669983
0.0,-0.0009664430282425,0.000921765245585,0.0,0.0009586196612039,-0.399999999999999,0.0131524756293122,-0.007002829738320671
0.0,0.0013599114574778,0.0130436631920299,0.0,0.0022332119665722,0.0999999999999996,0.004344922848209,0.01048594019114013
0.0,0.0003218136011897,0.0147816513684171,-0.04,0.0031816762443162,-0.2,0.0077748797806811,0.027436563227160704
0.0,-0.0017175371882396,-0.0486557645993084,-0.0900000000000003,0.0041211026783236,0.0,0.0077148970835119,0.00674311388488924
0.0,-0.0004656744303521,-0.0015298620224202,0.04,-0.0009495174000302,-0.199999999999999,0.0093526871447346,0.027180990536020744
0.0,-7.16614712406027e-05,0.0184369283071488,0.0,-0.0009504198402736,0.0,0.0042202021094208,-0.06554185840847015
0.0,0.0021118576081626,0.0328681431868842,0.0800000000000001,0.0022162427941037,-0.100000000000001,0.0025229750750295,0.03432045833543995
0.0,0.0022857969165313,0.0222391197788054,0.11,0.0009483168088593,-0.0999999999999996,0.0100348988711225,-0.02045061047128982
0.0,0.0002140258266001,0.0082816208317222,0.0599999999999996,0.0031545767485154,-0.100000000000001,0.0041501314309537,0.005494519317639224
0.0,-0.0005708373625343,-0.0045682045942685,0.29,0.0031446566794715,-0.0999999999999996,0.012351079662273,0.12596862024282007
0.0,0.0006421691265989,0.0171849676316649,0.21,0.0009414719038418,0.0,0.0097733936808586,-0.18959431612302957
0.0,-0.0004994292341251,-0.0067738552654876,0.0600000000000005,0.0062539290762995,-0.2,0.0064629297250999,0.005822432751429574
0.0,-0.002608215566523,-0.0419734465563666,-0.0600000000000005,0.0031123585659234,0.0,0.0135921656661906,0.01154413974687074
0.0,-0.0006441685081211,0.0301441263487101,0.0300000000000002,0.0031027018375109,0.0,0.0015875193122121,-0.030592334717560732
0.0,-0.0003938629049966,-0.0540550913098805,0.0199999999999996,0.0021661775451615,0.1,0.009472552596577,-0.06651285544128971
0.0,-0.0008957203085393,-0.0083314529597506,-0.14,0.0009269273025793,-0.1,0.004699937396444,-0.05776310720906963
0.0,-0.0003585128923784,-0.0025596290880107,0.3,0.00215949490061,0.0,0.0054602963031844,-0.09480779345867063
0.0,0.0,-0.062366293751225,0.16,0.0061444125723411,0.0,0.0007759664271875,0.029934207818050673
0.0169783365344178,0.0001792725126257,-0.035848846942379,0.41,0.0030581063588206,-0.0999999999999996,0.0092820743572406,-0.06746206368705998
-0.0169783365344178,0.0008242398646143,-0.0087776476829306,-0.0200000000000005,0.0030487828493588,0.0,0.006904030464228,-0.21576168662301054
0.0,-0.0001791247967244,0.0488333803149903,-0.0299999999999994,0.0009128252573593,-0.1,-0.006904030464228,0.13100745096843003
0.0,-0.0003583458792737,0.0041892619177854,-0.36,0.0012158056208901,0.2,0.002305693628124,0.029730534158350252
0.0,0.0003225170693237,0.0376446910751254,-0.24,-0.0006077180375432,0.1,0.0047061452889587,0.0749013081731098
0.0100503358535016,0.0011100966207759,0.0338778687427856,-0.16,0.0030349036951542,-0.1,-0.0114067833670166,0.05115270343669032
-0.0100503358535016,0.000787063578123,0.0233068588092396,-0.3,0.0,0.0,-0.0056515533889651,-0.06151549047222993
0.0,0.0010365473182569,0.0170754786364462,-0.42,0.0030257209165371,0.0,0.0093863422068163,0.03260652156685939
0.0,-0.0008220010827204,0.0177612950176753,-0.24,0.0,0.0,-0.0087632209261028,0.17834175665353058
0.0,-0.0020400500981934,-0.012607492283621,-0.0600000000000001,0.0060241146033805,0.1,-0.0001240163414752,-0.043894193557230565
0.0,-0.0013982255571878,0.0171333620780407,0.67,0.0029985029962564,-0.1,-0.0022782901029625,0.08887928947404067
0.0230652729309959,-0.0007177978271801,0.015786994540159,0.0599999999999996,0.0029895388483662,0.0,0.018976520928498,0.03103821871097967
-0.0230652729309959,-0.0005746094609528,0.0138730548682471,0.15,0.0029806281381379,0.0,-0.001626646699357,0.009901070982709648
0.0,-0.0001796331895111,-0.0015668254106309,0.14,0.0029717703891574,0.2,0.0081125384972007,0.048086186667640085
0.0,-0.0445987591852764,-0.0318633582636485,0.170000000000001,0.0059171770280883,-0.1,0.014200948545926,0.031035835300849968
0.0,-0.100912287611467,0.0280929306716544,0.239999999999999,0.002945510229757,-0.1,0.0107116640528928,-0.16198361804844996
0.0,0.0011629357127402,-0.0027319550458218,0.0300000000000002,0.0029368596733094,-0.0999999999999996,-0.0010753739060418,0.05358424613411028
0.0,4.15084158371659e-05,-0.0461893824693744,-0.0199999999999996,0.0029282597790887,0.0999999999999996,0.0035764356209626,0.0966268356890696
0.0,-0.0039510126466799,-0.0184613784124084,0.19,0.0029197101033342,-0.0999999999999996,0.0031155061200975,-0.03617273139371946
0.0,0.000874726703697,0.0712576749575238,0.21,0.0029112102074586,-0.2,0.0014476763230204,0.058294648480989864
0.0,-0.005259874368432,0.0227352977476523,0.28,0.0029027596579616,0.0,0.0111530415221495,-0.09866199420959987
0.0,-0.0019271864861194,0.0265176600614021,-0.140000000000001,0.0057803629154991,0.2,0.0036669011352801,-0.002132954950139876
0.0,0.0022619705535248,-0.0019920325312403,-0.21,0.0057471422555681,0.0,-0.0015340976326165,0.07339597497162931
0.0,0.0004601451629995,-0.0220763967925901,-0.22,0.0028612322810319,-0.2,0.0027865435595195,-0.011307070914689632
0.0,-0.0015486034276179,0.0319971130793375,0.100000000000001,0.0028530689824064,-0.1,0.0037800640168987,0.039992218913550204
0.0,0.0009629273733934,0.0243795594771505,0.159999999999999,0.0056818334674311,0.0,0.0019835017703675,0.008320047994689439
0.0,-0.0016333371864858,0.015296665375474,0.100000000000001,0.0028288562004776,0.0,0.0128531085216155,0.03814154106778034
0.0,-0.0006708595639444,0.0103823490422181,0.51,0.0056338177182562,0.0,0.0031534640504764,-0.05161623965113993
0.0,0.0011737090549289,-0.0431721718652094,0.18,0.0028050509276083,0.0,0.006031722728192,0.1334506400101203
0.0,0.0018416211466495,-0.0049140148024289,-0.0199999999999996,0.0027972046210611,0.0,0.0063772022946397,-0.03684930444217027
0.0569774347425405,0.0001254416593395,-0.0219132274307148,-0.100000000000001,0.0083449719321806,0.0,0.0078110752260918,-0.08823846920219047
-0.0266720852472115,0.0005851864403743,0.0199408402035104,0.0900000000000007,0.0055248759319699,0.0,-0.0036872084947559,-0.02398818426883942
-0.0303053494953289,-0.0027617391392423,0.0320571403761853,-0.0700000000000003,0.00275103337189,0.0,-0.003786480433805,0.037983323634419364
0.0,0.0012562815722617,-0.0536105590383951,0.4,0.0054794657646253,0.1,0.0097221643091014,-0.03536209015453995
0.0,0.0003765769202852,-0.0457134013544174,0.56,0.0054496047675649,0.0,0.0052669133538048,-0.11060987154396962
0.0,-0.0021358133629506,-0.0056117464226019,-0.0199999999999996,0.0027137058715962,0.0,0.0022954207645677,-0.007336790063860121
0.0,-0.0005451533903071,0.0034978041915563,0.109999999999999,0.0054054185669079,0.2,-0.0002244583039865,0.10410789050786029
0.0,0.0025972952475402,0.0106300006373274,-0.0899999999999999,0.00537635703638,0.0,0.0002907658895985,-0.0873130452172104
0.0,0.0025488366457419,0.0071976527288812,0.24,0.0053476063265955,-0.2,-0.0094702675874747,-0.11660704384325982
0.0,0.0004172229700042,-0.0544657346474064,0.58,0.0053191614775998,0.0,-0.0026862055605021,0.07671992476617984
0.0,0.0012922860668309,-0.0088193714630593,0.0499999999999998,0.0052910176344158,0.4,-0.0186925713628407,-0.20134076835764958
0.0,0.0017897655190672,-0.0355026861862884,-0.74,0.0052631700442744,0.3,-0.0006577424412581,0.18462305378222954
0.0,0.0004573329255472,0.016950522443798,-0.5,0.0052356140539449,0.2,-0.0013009724891124,0.010670832960520293
0.0,0.0001246908707115,-0.0309303006913586,-0.12,0.0052083451071385,0.199999999999999,-0.0025726863653514,-0.04259257801050964
0.0,-0.0009979625760678,-0.122243229328745,0.33,0.0025940351770463,0.2,-0.0011658232732365,0.0203609226489192
0.0,-0.0024992723468909,-0.0061985031960283,-0.16,0.0051679701584426,0.100000000000001,-0.0032402400637945,0.0710579212657203
-0.0120121564480036,-0.0029655640638444,0.001718327037036,-0.23,0.0025740039951727,0.0999999999999996,0.0024516799653513,0.09103456072709015
0.0120121564480036,-0.0012138209639671,0.0286403329931577,-0.04,0.0025673955052458,0.0999999999999996,-0.0017858188510451,-0.08097700468305025
0.0,-0.0010056569043659,0.0580848611236648,-0.29,0.0051151006667704,0.300000000000001,-0.0069162807648659,0.09212100726171979
0.0,0.0008800050853904,0.0214443677195915,-0.21,0.0050890695074712,0.0999999999999996,-0.0202064131236019,0.02954614409381051
0.0,0.0012139733998165,-0.001067299241547,-0.63,0.0050633019565467,0.4,-0.0060757895387419,0.04153060415662946
0.0728123554749676,0.0001254993831261,0.066220482685976,-0.41,0.005037794029957,0.199999999999999,0.0227055489960319,0.1392074210316805
-0.0728123554749676,0.0063381081160917,0.0374894070812593,-0.43,0.002509411605426,-0.199999999999999,0.0076619521607868,-0.03494039919521974
0.0,0.0049755472079192,0.0379898779030388,-0.74,0.0,0.0,-0.0019059946088,-0.0487628122459105
0.0,0.0003721699619096,0.0253178079842895,-0.32,0.0025031302181184,0.0999999999999996,-0.0010850571119402,0.0926435812724904
0.0,-0.000330810903236,0.0335668236390836,0.48,0.0024968801985871,-0.0999999999999996,0.0056018979037051,0.03901932356443982
0.0,0.000330810903236,-0.0136854530852544,0.28,0.0049751346401136,0.0,0.0050614666157042,0.03122930363378007
0.0,4.13436692565661e-05,-0.018677276489024,0.61,0.0049505051598561,0.0,0.0041848282918848,-0.01128846343026968
0.0,-0.0001240361360199,-0.0072464085207677,0.65,0.0024660924951938,0.0999999999999996,-0.0029082985908819,0.027745756452339343
0.0,0.0066349587124581,-0.0179377006866677,-0.46,0.0024600258408624,0.0999999999999996,-0.0058208859180277,0.03537270455711017
0.0,0.0141927341581473,0.0219699642146063,-0.25,0.0024539889615664,-0.0999999999999996,0.0161235917738551,-0.055741983008239515
0.0,0.0081468488504291,-0.0214559046751921,-0.23,0.0024479816386398,-0.2,0.007456659939796,0.041742687651699306
0.0,0.0014850792430179,-0.0474651096637384,-0.24,0.0024420036555521,0.2,0.0042350116589657,0.025059315931480697
0.0,0.0132673911688468,0.0666044498744363,-0.21,0.0024360547978812,0.0,0.0114775384132106,0.05049095610162979
0.0,0.0172259070996222,0.0408018269275585,-0.63,0.0024301348532915,-0.2,0.0236258733007881,0.08315500374532991
0.0,0.0128330778227493,0.0182259241780169,-0.18,0.0048426244757879,-0.0999999999999996,0.0102759332759716,-0.04259448131442056
0.0,0.0055153535190666,0.0234862838587331,0.53,0.0,0.0999999999999996,0.0069196781411431,-0.02370983207905919
0.0,-0.0030220171039481,0.0101617502594999,-0.02,0.0024125464053836,-0.0999999999999996,0.0097430368036368,-0.03709786088718037
0.0,0.0008424922950748,-0.0101617502594999,-0.02,0.0024067400305654,0.0,0.0001211589582781,-0.012528128064889898
0.0,-0.0167136960241973,0.0027816429618772,0.22,0.0024009615375382,0.0,0.0026134569111713,0.014748870705290074
0.0,-0.0496332270100209,-0.0074349784875185,0.0699999999999998,0.0023952107259543,-0.100000000000001,-0.001061498069165,-0.0008877053401405988
0.0,0.0022472378657864,0.0348339526756325,0.0399999999999996,0.0023894873973815,0.0,0.0136932651985648,0.056121760655670094
0.0,-0.0037618624671103,-0.0145193113244533,0.640000000000001,0.0047619137602437,-0.0999999999999996,0.007697374365573,0.04072123377655057
0.0,-0.019108071341763,0.0018264845260347,0.0800000000000001,0.0023724803536304,0.0999999999999996,0.0128491501686456,0.0016109548389300343
0.0,-0.0182462976660943,0.0489639412139216,0.04,0.0047281411959461,-0.3,0.0117369511520509,-0.026091981592670344
0.0,-0.0028106653372418,0.0206370178563766,0.29,0.002355713692459,-0.0999999999999996,0.0112581459969596,-0.022979912399730296
0.0,0.0048498350824668,0.0076303888656914,0.34,0.0046948443042076,-0.3,0.0071755556918784,0.047460939153470605
0.0,0.0296457374639401,-0.036117425227995,0.19,0.0070011954589834,0.0999999999999996,0.0144019586669391,-0.0805466637392307
0.0,0.0184510091908504,-0.0158873597623188,0.49,0.0092593254127968,-0.0999999999999996,0.0004314406271621,0.03266298097345999
0.0,0.0045600450277516,-0.0188600112001343,0.17,0.0068886609951852,0.0999999999999996,-0.0014604958663802,-0.1264888980527692
0.0,0.0187070449422936,-0.0285076776227555,0.100000000000001,0.0045662179795811,-0.0999999999999996,0.006601081611254,0.08372703871468978
0.0,0.0178590162068241,-0.0226424767497599,0.83,0.0068104690025268,0.0,0.001146669340462,-0.09191788190618055
0.0,-0.0151361006119447,0.0094967475372573,0.819999999999999,0.0,-0.100000000000001,0.0037574486493183,0.026731902021490228
0.191177359251717,-0.024656160052803,-0.0190845486924109,0.66,0.0179377006866672,0.0,-0.0014259462593755,-0.034502703630879594
-0.191177359251717,-0.0234583703395749,0.017192400540373,-0.380000000000001,0.004434597067866,0.0,0.0078440430003712,-0.09025229527401013
0.0,0.0044971710657553,0.0390021578032691,-1.07,0.0088106296821548,-0.2,0.0080338249445755,-0.11106870097516008
0.0,-0.0175246376845901,-0.0736877157911593,0.61,0.0065574005461588,0.2,0.0046193177109361,0.027640689400429963
0.0,-0.0295914797758681,-0.0734143967448286,-0.38,0.0086768440256888,0.100000000000001,-0.0028478342025937,-0.12199723937924034
0.852587128916724,-0.0411384911924889,0.0139349522957506,0.319999999999999,0.010741241831413,0.199999999999999,-0.0066532798543792,-0.050396958960210014
-0.852587128916724,0.0226287190045265,-0.0280668349336208,-0.649999999999999,0.010627092574286,0.100000000000001,-0.0029563839984199,0.1885050186121502
0.0,0.0284712113656662,0.0418102700600151,0.84,0.0105153439995229,-0.100000000000001,2.19803649414985e-06,-0.11928244688300982
0.0,0.0203001134936607,-0.0524606854015079,0.37,0.0062565376143055,0.0,-0.0029210533472849,0.03289354112417975
0.0,0.0104534196382274,-0.0306398535961225,-0.0999999999999996,0.0103413537947326,0.0,0.0079397386572068,-0.11949576476327017
0.0,-0.0097837954397732,0.0013373455687606,-0.33,0.0081967672041782,0.300000000000001,-0.0018628970472938,0.05922111281412068
0.0,-0.0002510565308805,-0.124109386437489,-0.350000000000001,0.0061037829380179,0.0999999999999996,0.0017579140741235,-0.13949760190310023
0.0,-0.0185847552095677,-0.0422362248548831,1.41,0.0120969217088285,0.0,-0.010633930122244,-0.14181572166929968
0.0,-0.0124838068356293,-0.109857143445858,-0.9,0.013930573535947,0.4,0.0001414711677489,0.006980831141339294
0.0988109239207851,0.0070975671647269,0.0191922145576076,-0.600000000000001,0.0078740564309058,0.0999999999999996,-0.0031214328136322,-0.07210329390134973
-0.0988109239207851,-0.0033489361942344,0.0325854017520415,0.0099999999999997,0.0097561749453647,0.6,-0.0334871664247101,-0.04199090172523956
0.0,0.001804666841356,-0.0673116219924905,-0.319999999999999,0.0077369825021524,0.600000000000001,-0.0364340511257963,-0.05098555473286037
0.0,0.0140249970311614,0.0786769556952356,-0.890000000000001,0.0076775808990343,0.899999999999999,-0.0138945828280832,0.05681647504365994
0.0,0.0140814835975176,0.0988620482674323,-0.76,0.0057197486727869,0.0,-0.0230730688223444,-0.13242458564933024
0.0,0.0092235478775074,0.044918461444575,-0.0099999999999997,0.0037950709685516,0.5,-0.0111502905672758,0.09390130365299054
0.0,-0.0197554820055514,0.0111573857742622,0.12,0.003780722839906,0.200000000000001,0.001822209265522,0.01201215644800957
0.0,-0.0214025904879561,0.0615684633211409,-0.38,0.0018850146957714,0.199999999999999,-0.0028132290110063,0.10923360257898018
0.0,-0.0174756664411261,0.0252068140333463,0.109999999999999,0.0075047256540674,-0.199999999999999,0.0064427534264148,-0.030799535950950307
0.0,-0.0429200438486139,0.0009735519185305,0.79,0.0093023926623137,-0.200000000000001,0.0101398136449427,0.12033522937495
0.0,-0.0326631809606674,-0.0761310256553775,0.31,0.003696861881326,-0.199999999999999,0.0097875118888404,0.027354883449360656
0.0,-0.0147226138804746,-0.0122081572566053,-0.0200000000000005,0.0073529743052587,0.0,0.0127666759519802,0.003169574761280103
0.0,-0.0128497975986688,0.0450318521673054,-0.46,0.0054794657646253,0.0,0.0042921349313478,0.0613689463762892
0.0,-0.0040923763632845,0.0167939459741602,-0.48,0.0072595600128044,-0.0999999999999996,0.0014170756372569,0.01183445764701041
0.0,-0.0129224252467113,-0.0153272564801172,-0.04,0.0054102927282473,-0.100000000000001,0.0135667982231817,-0.029095674207770372
0.0,0.0032093246002113,0.0880067476595485,-0.57,0.0035906681307285,-0.299999999999999,0.0132573466548118,0.034229532201620394
0.0750675730334227,-0.0011837823223184,0.037885620690556,0.0099999999999997,0.0017905107737883,-0.2,0.0100988062549208,0.11786431334163971
-0.0692656504173148,-0.0420318861479871,0.0049578683607869,0.12,0.0017873105740964,-0.100000000000001,0.0019405115335007,-0.07912202196849005
-3.34682193674496e-05,-0.0509465950698923,0.0078818142022534,-0.14,0.0017841217935012,0.100000000000001,0.0051182765534885,-0.01846643384162938
-0.0057684543967404,-0.0210176857137286,-0.0068931833753138,0.34,0.0053333459753623,-0.3,0.0040275919030068,0.044856854267319335
0.0,-0.0245819931212322,0.0059113472630567,0.21,0.0053050522296933,0.199999999999999,0.00127149936894,0.024374937302000355
0.0,0.0118344576470027,0.0233020252028444,-0.18,0.0052770571008435,0.2,0.0052960317489079,-0.06493993948777987
0.0,-0.0012332531413386,-0.0086747531936737,-0.0900000000000007,0.0052493558861437,0.0,0.0070097930278829,0.10106866357627986
0.13291493313721,-0.0316835618718031,0.0210735767905286,-0.0599999999999996,0.0052219439811516,-0.2,0.0031609414979874,0.1040693598942104
-0.13291493313721,-0.0532087817447761,-0.0347190126874422,-0.16,0.0051948168771041,0.100000000000001,-0.0001790770819698,-0.05435796120545078
0.0,0.000244215154764,-0.0068931833753138,-0.17,0.0034482792789161,0.0999999999999996,0.0152074334312493,0.007339482488040616
0.0,0.0243039250314471,0.0340003610231259,-0.4,0.0051502259763154,0.0,0.010564887930947,0.09470060953248005
0.0,0.0200549366287582,-0.0086331471447032,0.27,0.0051238369998696,-0.3,-0.0067445280089581,-0.16670139540394047
0.0,-0.0012271015651451,-0.0273454538905282,0.0499999999999998,0.010169579169629,0.0999999999999996,0.0158875828713141,0.24092814415881048
0.0,0.0041427255327386,-0.0039682591756209,-0.0700000000000003,0.0050462680676242,-0.199999999999999,0.0124372791796321,0.05992806369380954
0.0,0.0009312071444649,-0.0155274845210789,-0.0599999999999996,0.0066889881507963,-0.2,0.0096510299118741,-0.08652676345943
0.0,-0.0002909090929608,-0.002932108667581,0.42,0.0033277900926753,-0.2,0.0078125315086965,0.040906557540900224
0.0,0.0003490807575593,0.0053521965685243,0.0599999999999996,0.0049710127220201,0.2,0.0075021019642558,-0.040378155943399996
0.0,0.0020338793076253,0.0091233276052609,0.170000000000001,0.0049464239353254,-0.3,0.0012965460211829,0.08357176518467035
0.0661110251120625,0.0098779071954313,-0.024754989785289,0.3,0.0049220772054283,0.0999999999999996,0.0010310415055268,-0.018637125998740345
-0.0661110251120625,0.0019524526703151,-0.0156720394971659,0.319999999999999,0.0032679767646159,-0.2,0.0041321901631445,-0.035781090887690326
0.0,0.0159356852417667,-0.0262161668737493,0.350000000000001,0.0048820275973087,0.0,0.0014597003383722,0.04661329921705004
0.0,0.0260261562220836,0.0057440855733705,-0.0600000000000005,0.0064725145056172,0.0,0.0018783457095374,0.0
0.0,0.0200420606814555,-0.0048910251676188,-0.0299999999999994,0.0048270407483155,-0.399999999999999,0.0014754310481084,0.04781025228307989
0.0,0.0425933138401801,-0.038794455687321,0.37,0.0064000218454678,0.0,-0.0144081353213488,-0.22057914846348936
0.0,0.0022194130248915,-0.0141719718350952,0.0099999999999997,0.0047732787526575,-0.100000000000001,0.0053959813252269,0.011574203281139894
0.0,-0.0177373249172823,-0.0017997755139393,-0.16,0.0063291350516472,0.0,0.019077871495595,0.1562855028730299
0.0,-0.0297209775534116,0.0428644917549352,0.0,0.0078554999403088,-0.2,0.0195946370937952,0.07807226368623965
0.0,-0.0172314640352762,0.049452533163973,0.12,0.0093458624182378,-0.0999999999999996,0.0048994242438067,-0.05713163971980961
0.0,0.0104506737264113,0.0025631838506496,0.32,0.0077220460939102,-0.0999999999999996,0.0063887211477919,-0.0024125464053899037
0.0,0.0309233932239305,-0.0048242331181347,0.279999999999999,0.0076628727455698,0.3,-0.0008700484414392,0.010571938925399316
0.0,0.0238311369156303,0.0667610725898022,0.0700000000000003,0.0060882988672545,-0.3,0.004191015895381,-0.04697536831339999
0.0,0.0096921350484869,0.0,0.77,0.009063506153347,0.0999999999999996,0.0024279927479349,-0.01311163513937963
0.0,0.0242008281812305,-0.0322766404395427,0.140000000000001,0.0089820963158278,-0.2,0.007761787543512,0.005568224966520319
0.0,-0.0235376136070138,-0.0603326664276285,0.65,0.0059435539008481,0.100000000000001,0.007607184606694,0.05547434473192947
0.0,0.012820363590843,0.0146737775971824,0.44,0.0059084366861661,0.0999999999999996,0.0051479593799546,-0.0241674401068801
0.0,0.009620758678242,0.0367726040055087,0.27,0.0087977107035293,-0.0999999999999996,-0.0055931591658691,-0.22632865752278963
0.065169635074581,-0.0005486968587594,-0.0149543051539229,-0.0299999999999994,0.0101671173554445,0.0,0.005001922356385,-0.06986967996049032
-0.065169635074581,0.0166258159159564,0.0188580186343961,0.16,0.0100647866161401,-0.100000000000001,0.003019918352987,0.19485236635892011
0.0,0.0173672061462512,0.0197830388494449,-0.0199999999999996,0.0099644952594317,0.0,-0.0118218365530942,-0.05509042398375996
0.132742437948491,-0.0071632850711734,-0.0234861907568424,0.149999999999999,0.0112677248463431,-0.2,0.0087325645949443,0.07066957335069013
-0.0789660411676865,0.0255133006050661,0.0195607686407371,-0.549999999999999,0.0111421765532418,0.100000000000001,1.15592682212728e-05,0.019530839874080108
0.0761490257013042,0.0676882975548171,0.0097848138799987,0.18,0.01101939524961,0.0,-0.001559781484143,-0.08335888140805015
0.0676055529753752,-0.0102300407356546,0.0447480651402516,0.279999999999999,0.0095433580469004,0.3,-0.0065004807100148,0.010175328041650111
-0.124771621175055,-0.0181355626852456,0.0111112254250703,0.74,0.0094531426437551,-0.0999999999999996,-0.000102937906198,0.02991912916022965
-0.055367611570559,-0.0243307550968264,-0.0384843360949692,1.44,0.0106952891167476,0.0999999999999996,0.0069178843309489,-0.08601941182545936
0.0492996317868029,-0.0040196361671046,-0.0076849561693839,0.0899999999999999,0.0105821093305369,-0.0999999999999996,-0.0016022983856864,-0.09805039716203012
-0.0194384896481266,0.0302151724651748,0.0387755432394155,0.25,0.0117725362252674,0.0999999999999996,0.0007396928584166,-0.01720757216943003
-0.0472528848505456,0.0284018374034432,0.0283512358814244,-0.0399999999999991,0.0142029501779932,0.3,0.0052048399358408,-0.1107152807954801
0.129677823308533,0.0109813982390268,0.0389085329186916,0.859999999999999,0.0127390257774298,0.0,0.0004262771096139,0.006688988150799879
-0.103009576226371,-0.037658001399967,-0.0964383093985219,2.34,0.0138280016072923,0.0,-0.0042555466083924,-0.2541756605619403
0.0120462650985291,0.0022202596401825,-0.0163701296468552,-2.0,0.0099379699901325,0.600000000000001,-0.0199258691335307,0.0038131600064099658
-0.0387145121806904,0.0410573248436532,0.0446205959327068,-4.62,0.0098401778015109,0.6,-0.0249056830762755,-0.1255438053111
0.0,0.0146189455308137,0.0620982201182967,-1.51,0.0097442914746777,0.0999999999999996,-0.012837443741696,0.25478436894473067
0.0,0.0158419995718466,0.0443758814007094,0.99,0.0012113871862977,0.2,-0.0072378304941178,0.059246533203809904
-0.0387145121806904,-0.0011805381251327,0.0304174703866833,1.07,0.0072376673002301,-0.0999999999999996,0.0031959408390367,0.12363228189378006
-0.0153527090895853,0.0129098951183324,0.0240011520995429,1.14,0.008378265645998,-0.2,0.0165102742614502,0.024080970993269446
0.0540672212702757,0.0063515999074508,0.0288294216068934,1.35,0.009489988184848,0.0,0.0126156438248457,0.03473963229372057
0.0,-0.0093128349452055,0.0413748370663551,2.11,0.0105696814896872,0.0,0.0165143470000619,-0.008572423086190106
0.0273989741881144,-0.020338253780966,-0.0163450890005192,1.76,0.0093023926623141,-0.3,0.0068103714868472,-0.018717123952940007
-0.0007307271059531,0.0240072176632319,-0.0037523496185505,-0.470000000000001,0.0092166551049235,0.3,-0.0063441956674452,0.04292504471704017
-0.0266682470821613,-0.0463357315039101,-0.035198736965893,-0.23,0.0091324835632731,-0.0999999999999996,-0.0041247691451924,-0.21637915122567009
0.0,-0.0274873690881494,0.0367013668504281,-1.43,0.0067950431328283,0.0,0.0050075570897338,0.04703061048897972
0.0,-0.0256866545844829,0.0089686699827602,0.33,0.0056274768657287,-0.2,-0.0043981713513385,0.04051566889372005
0.0,-0.0407683635092594,-0.0202938193398134,2.61,0.0067114345879861,0.3,0.0057296865129417,-0.17645643734156025
-0.0540672212702757,-0.0564376037984905,0.0045454623716745,-1.57,0.0088790816411306,0.0,0.0052773039135352,-0.08701137698963013
0.0540672212702757,-0.0520455331334401,-0.0244847732683136,0.219999999999999,0.0109891215755953,-0.3,0.0063317592818794,-0.0038350957839394795
0.0,-0.0289137629526136,0.0038654860655773,0.56,0.0076211582810721,0.2,-0.0012271801619898,-0.10205719335092045
0.0,-0.0031362649163245,-0.0912290129338329,-0.81,0.0097140537204731,0.199999999999999,-0.0048927437404513,-0.031336978004089744
-0.0281708769666964,0.0142808763031478,0.0125999146970077,-1.16,0.0032171609517757,0.300000000000001,-0.0077641504706664,-0.04260734142035982
0.0563417539333928,0.0330228766971646,0.0255473308906407,-2.68,0.0042735107773816,0.4,-0.0116118327823829,-0.042111485350120326
-0.0563417539333928,0.0004204109578973,0.0072963436785062,-0.0099999999999997,0.0031931905791555,0.199999999999999,-0.0106883440883729,0.08362052902142025
-0.0052381851644329,-0.0091310375003356,-0.0539326045910657,1.43,0.0031830265601211,0.0999999999999996,-0.0207396976045877,-0.07647764150904024
-0.0366394412494815,-0.0208954829941628,-0.0241599326651354,1.2,0.0031729270405769,0.300000000000001,0.0202148925415946,0.02691795056058055
-0.0326399060532876,-0.0228359182566276,-0.0328480486811111,-0.800000000000001,0.0,0.0999999999999996,-0.0068577349616432,0.07237436871462943
0.263538109464361,-0.0186179307775861,0.0484462852114351,0.0199999999999996,0.0031628914085084,0.300000000000001,-0.0092113127826412,-0.015151805020609643
-0.0893288854792731,0.0214389631543014,0.0008594757727191,-0.609999999999999,0.0094290902888518,0.0999999999999996,-0.0068257001044447,0.11134041931604965
-0.0957473515245302,-0.0303384918916377,-0.0592831680161527,0.380000000000001,0.0114049966139902,0.199999999999999,-0.0024609751021595,-0.12783337150989027
-0.0020641582583769,-0.0119713890683005,-0.0027384772933043,-1.12,0.0051413995004185,0.200000000000001,-0.0035883839223096,0.2567198468478207
0.0201241803160537,-0.0060108838939292,0.0027384772933043,-2.67,0.0020491810449359,0.0,-0.0088955582902925,-0.10860572228556986
0.054465640528703,-0.0075647727637727,0.109545002797041,-0.76,0.0,0.299999999999999,-0.0026378532431352,0.08955752731486921
-0.0468967975189751,-0.0092718227740877,0.0807965712599366,-0.21,0.0040858075225802,0.300000000000001,-0.0095698923622475,0.025033676713740682
-0.0452300497890739,-0.0385229257709494,0.0398871190770844,0.36,-0.0010198879007452,0.4,-0.0032449408074128,0.15670495963234998
-0.0299874675551419,-0.0099135690756094,0.009369437911177,-0.13,-0.003065919621835,0.0,-0.0071833889127535,-0.05160023116098067
0.0569653231032166,-0.02531780798429,0.0345469674534016,-0.0800000000000001,0.0020449904877271,-0.4,0.0183695334220086,0.19654582506994078
-0.0576774604537724,-0.027474785924689,0.0171766504005904,0.249999999999999,0.0010209291341079,0.0,-0.0059862470341576,0.06882471947713942
0.0700267131530792,-0.0283852462325568,0.0341512934213117,0.24,0.0010198879007452,-0.0999999999999996,0.0082323085009639,-0.05629322716522012
0.0647577758335736,0.030470616815595,0.0374720843672653,-0.139999999999999,0.0071102381825047,-0.100000000000001,0.0123607638262442,-0.0871245952178894
-0.0803865336811107,0.0232291756045563,0.0397815041270526,-0.0200000000000014,0.004040409537005,-0.0999999999999996,0.0063292454959089,0.18774162426329966
0.0529191941181564,-0.0155121372099837,0.0139185302910629,0.6,0.002014099371701,0.0,0.0059395913263666,-0.024509633836509614
-0.0117229728552708,-0.0134623045732724,0.0035992840296472,0.290000000000001,0.0040160696548898,-0.699999999999999,0.0147716156117532,0.029564404498129804
-0.0132014641304341,-0.0163045296413399,-0.027931384689178,0.26,0.0030015030037562,0.0999999999999996,0.0118959355090316,0.0676848268269401
-0.0332555152178924,-0.0026656020048498,0.0291282729230238,-0.34,0.0029925209364547,-0.300000000000001,0.0143895863719554,-0.1106098715439705
0.0026323201603339,-0.0011350360090203,0.002985968178562,-0.359999999999999,0.003976148379639,-0.399999999999999,0.0077390328287352,0.002919710103330253
0.0038360828665595,-0.0136541552961248,-0.0150198077422852,0.119999999999999,0.0029717703891574,-0.300000000000001,0.0044096154904917,0.04000533461370015
-0.0013904141002698,-0.0294138852062933,-0.004854378464798,0.24,0.0029629651306573,-0.199999999999999,0.0048645041700106,-0.05587401905783995
0.0355847943480736,-0.0184421359713418,0.0120920457650282,-0.0999999999999996,0.0068796340135364,-0.300000000000001,0.0197669451034646,0.11672929477910987
-6.38707283902029e-05,0.023936846370428,-0.0562397183228756,0.19,0.0048852075660494,-0.2,0.0045347464038743,0.1750911223313203
0.0050197987548688,0.0096639117527571,0.00063552591907,0.43,0.0029197101033346,0.0,0.0047678902221197,-0.30674161307340064
-0.0248881644726184,-0.0241260354735145,0.0012698414404761,0.17,0.0038797332855891,-0.0999999999999996,0.0059062920057244,0.10710283338057014
0.0014537176584159,-0.0224888498383202,-0.0063653938670764,0.140000000000001,0.0019342365798307,-0.3,0.0053702595217508,-0.042489149703979656
-0.0150795653045011,-0.0089647795301256,-0.0226034808930642,0.0399999999999991,0.0019305025300582,-0.2,0.0034821565639564,0.03815779480030024
-0.023104015978785,-0.0422754831482383,-0.0131494333849442,0.25,0.0038498603854417,0.3,0.0028931738939714,-0.062117868547440835
0.0585616898135815,-0.005164829952979,0.0843606133433861,0.350000000000001,0.0028776998276152,0.0,0.0012175084692724,-0.0880616869275892
-0.0150889451252865,-0.0442960136170654,0.0102875339971691,-0.100000000000001,0.0028694424279525,-0.2,-0.0028969885920249,0.06823596467650006
-0.0208868003853606,-0.0296479568962724,-0.0078573991438775,-0.629999999999999,0.0038131600064144,0.100000000000001,-0.0003248537957083,-0.06571707165701035
-0.0046574690118124,0.0159430739885592,0.0090607687235104,-1.13,0.001901141257024,-0.2,0.0033389379781207,0.06040262159351961
-0.0763471735163321,-0.0437953960674289,-0.0108828159934555,-0.549999999999999,0.0018975337761917,0.0999999999999996,0.0005450458577014,-0.046660993741229895
0.10811052222679,-0.0510226517871971,0.0422556168484354,-0.300000000000001,0.0018939399600705,0.0,-0.0007078856374409,0.05960235082562004
0.0533288558422056,-0.0306302659482432,0.052778205347388,0.51,0.00566039247171,-0.0999999999999996,0.0030401768593222,-0.04727173836814025
-0.0267865115983894,0.0290319704561616,-0.0083264427765543,0.25,0.0046926411781926,0.0,0.0014747342819516,0.09798040836021027
-0.0149643274714637,0.0952051517900253,0.0066666913581894,-0.569999999999999,0.0018709079358112,0.0999999999999996,-0.0020878718684276,0.011599135843350261
-0.061780618754363,0.0085278071110286,0.023530497410194,-0.47,0.0018674141747956,-0.0999999999999996,0.0015886380180214,-0.08059200733030991
0.024370651379571,0.0257022570254996,0.0214026361143853,-0.53,0.0027945989310156,0.2,-0.0005523628234378,-0.002383791355270226
0.0243587959710867,0.0751057342396018,0.0188783792203751,0.13,0.0018587365946256,0.0,-0.0051536563903185,0.004761913760240155
0.0086383715062923,0.0024594919805496,-0.0220597180647326,0.0599999999999996,0.0018552881017459,-0.300000000000001,0.0032919716855164,0.034435850717749794
0.0035894376674208,-0.0144819326820373,-0.0225573474240743,-0.04,0.0018518523810735,0.0,0.0037108094482025,-0.03919776447798995
0.0241475011279522,0.0411444758704354,0.0113422766039344,0.0600000000000005,0.0036934483353521,0.0,-0.0034240302415655,0.09008937177438003
-0.0009454246473143,0.0126526451138212,0.0589172194982099,0.0800000000000001,0.0045977092486291,-0.0999999999999996,0.0033767061461293,-0.07704828594511959
-0.165949932113731,0.0035363903304601,0.0484284351005577,-0.140000000000001,0.0045766670274121,0.0,0.0100604379157279,0.13426728197997928
-0.0474549844728358,-0.014151015131713,0.0043321367391344,-0.0299999999999994,0.0036463121530205,-0.3,0.0051350509647871,0.015329886311310048
-0.224863170221265,0.0037139596314957,0.0523973916602607,-0.0100000000000007,-0.0018214941283911,0.5,-0.0068502043377565,-0.06494428296094945
0.194042274022167,0.0260274952447754,0.057133091935234,-0.5,-0.0054844744421602,0.0,-0.0072337599570433,0.015037877364539654
0.219952659038861,0.020972480476824,0.0242410338951116,-0.5,-0.0036730987118609,-0.100000000000001,0.0011629577503518,0.029931349642160043
0.166124302251663,0.0149691495609793,0.0020986366569211,0.0900000000000007,0.0027560881019796,0.100000000000001,0.0019304289767845,-0.04172773308252964
-0.32094008713783,-0.0083179777185814,0.0281126409360475,0.0599999999999996,0.0036630077587371,0.0,-0.0038445765251813,-0.0037827659265605718
-0.014713318859068,-0.000928505173485,-0.0210100416185606,-0.38,0.0009136592686749,-0.2,0.0060878239631829,-0.03582637216848994
0.416860350774146,-0.014032035661107,0.0197863008988444,-0.3,0.0009128252573598,-0.0999999999999996,-0.0016561494428204,0.013931682561479697
-0.277248688451185,-0.0110289016697529,-0.0277278264400307,-0.32,0.0036429912785012,0.0999999999999996,0.0026810443542846,-0.06871620804625955
0.007832706855607,-0.0299725495458403,-0.003783901929129,-0.0300000000000002,0.0018165309263977,0.0,0.0042294414425816,-0.003562949137349669
0.0277200913093005,-0.0018244338791577,0.0319198083584995,0.17,0.001813237124181,-0.0999999999999996,0.0039016574511032,-0.03511256589403011
0.031950316585144,0.0108275305988522,0.0141788885425438,0.180000000000001,0.003616640470188,-0.300000000000001,0.00964990087048,0.12167768032511006
0.0932687051524943,0.0449017593318066,0.061996072221743,-0.100000000000001,0.0054005531800003,0.0,-0.0038801506848109,-0.03271708497018011
-0.199975655433003,0.0149010471260342,0.0601574828118441,0.16,0.0035842332278148,0.0,0.0133094834136154,0.0056211502704401894
0.0832770801078691,0.0412198211359146,0.0404659325617134,0.0,0.0035714323675977,0.0,0.001294919336348,-0.03305144149659078
-0.0138452643148681,0.0241977310798765,-0.0110004546898219,0.0499999999999998,0.0044464279571343,-0.3,0.0064076922257543,-0.06709102281347956
0.0222787287291806,0.0214083800058495,-0.0006915629597887,0.0200000000000005,0.0026583976666101,0.0,0.0062559391334762,0.008636697732599785
-0.0091903556643639,-0.0229420755919029,0.0416656371700945,0.0099999999999997,0.0044150182091167,-0.0999999999999996,0.0053620544000754,-0.021105687212330082
0.0324702070979157,-0.0122306793638204,0.028456539914008,0.0200000000000005,0.0026396847707728,-0.100000000000001,0.0067287660475807,-0.011991308090429698
-0.115801701437079,-0.0058592700197199,0.0603779916371368,0.35,0.0043840491085349,-0.0999999999999996,0.0074763928267973,0.01886848430438981
0.0143542611764937,0.0277435955641319,-0.0330225963202491,0.36,0.0034934533345598,-0.0999999999999996,0.0037673073213477,0.0545589842504306
0.053948701742748,0.0105245028785984,-0.128746587520384,-0.27,0.002612104227925,0.0999999999999996,0.0133741249858446,-0.11226730187108025
-0.0642400183517871,0.0660040532188255,-0.13424542335818,-0.44,0.0034722257107491,-0.2,0.0050462428300148,0.08898961700172947
-0.0450456126642513,0.0296342644063272,-0.0164612770540726,0.0799999999999992,0.0017316021642779,-0.0999999999999996,0.0055915629067797,-0.1679328193418499
0.0882201212961209,-0.0153734741146392,0.0386619870342644,0.04,0.0034542348680872,0.0,-0.0002398016107969,-0.09666824441389998
-0.0185785400077267,-0.0239959815088289,0.0298881861996492,-0.149999999999999,0.0017226533114467,0.0,0.0050303800816271,0.14749714527318059
-0.0099455910393304,0.0416634104226268,0.0290207460411995,0.04,0.0025784285879444,0.0,0.0021453397247226,0.03927293383790964
0.130576319023789,0.0243599025308083,-0.0117358908970724,0.21,0.0059906041371569,-0.3,0.005775247073517,0.02641055275774029
-0.122094369417282,-0.0046428559533449,-0.0250639686632157,0.35,0.0025564564413009,0.199999999999999,-0.0018335915085332,-0.10162377496118058
-0.0287234655982425,-0.0508570218369507,0.055443203414776,0.2,0.0042462908814515,-0.199999999999999,0.0026822455452846,0.03932897341105068
-0.0109911073184845,-0.0411902335561117,-0.0059281388873957,0.27,0.004228336109521,0.0,0.0001875858924602,-0.007470323365170728
0.0661421586560764,-0.0050564547998212,-0.0202709643736192,0.329999999999999,0.0042105325363435,0.199999999999999,0.005082396342444,0.017568019396210666
-0.072193250024108,-0.0073953894220126,0.0161748871516156,0.180000000000001,0.004192878260036,-0.199999999999999,-0.0032166101546993,-0.0006700167754800646
0.0231704803356698,0.0320233043123649,0.0344735273698742,0.109999999999999,0.0033416906619026,0.0,0.0043616230679361,0.01990775765791941
0.0602360069023895,0.0393025522775157,-0.0233416870010297,0.41,0.0033305609471652,-0.100000000000001,0.0025157164520051,0.030413214311399983
0.138774450862961,0.0095204747388278,0.0200920000826885,0.31,0.0033195051228522,0.0,0.0043189154508338,-0.0038314223115500923
-0.0513140908033374,-0.0289504869194398,0.0316808840803464,0.199999999999999,0.0041339455317279,0.100000000000001,0.0031054278280064,0.03643619131420017
-0.109118628913011,-0.0115110000570554,0.0296880622959454,0.26,0.003294895896853,-0.2,-0.0044231633182043,-0.12887142903292936
0.0957007033737192,-0.0230770596245417,-0.0044315736408409,0.290000000000001,0.0049220772054283,-0.2,0.0025710327990973,-0.0021074823395608178
-0.0080964816373865,-0.00738097194226,0.0322717080875723,-0.17,0.0073379864529128,0.2,-0.0003167958936298,-0.06014126467201919
-0.12792981321362,-0.0420893581204521,0.0376545620624951,-0.220000000000001,0.0048622462080345,0.0,-0.0055351676794881,-0.005992527296060146
0.0477456403433312,-0.0488208263185445,0.0307426970842908,-0.279999999999999,0.0032284128121187,0.0999999999999996,-0.0001213035769058,0.04839654086184986
-0.0168615415237103,0.0464263508843825,0.0250165577937302,-0.27,0.0032180236942007,-0.0999999999999996,-0.0096885761173153,0.02124725821987994
-0.0406024392967206,-0.0199292642791429,0.0433376585555765,0.0200000000000005,0.0,0.0,0.0098309041513262,-0.06889276637650976
0.115076915603294,-0.0146550535163043,0.0020175824685226,-0.15,0.0024067400305654,0.0999999999999996,-0.0034230991138919,-0.040603049521489964
-0.0312156255008014,0.0100668804191529,0.0002878940569761,-0.11,0.004796172263493,0.0,-0.0011106078796423,0.0975111817933696
-0.0386289813677529,-0.0093671570993594,-0.020943173845243,0.0500000000000007,0.0039793128514809,0.100000000000001,0.0033054610702203,-0.04274464541200995
0.0755930541124359,0.0150834325974211,0.0243914531241591,-0.0600000000000005,0.0031720883061439,0.0,0.0057092913053855,-0.07690182749329022
0.0090456342324891,0.0336885631324069,-0.0250677546627935,0.0099999999999997,0.009456335242036,0.0,-0.005375784199888,0.21495665270963027
-0.0948811516505685,0.0268292015905497,-0.0284020165066652,0.100000000000001,0.0039138993211356,-0.100000000000001,0.0090960475107184,-0.0763422770975204
-0.0556997812243689,-0.0431314217686383,0.023950555063478,0.16,0.0046765478839017,-0.0999999999999996,0.0048325042519454,-0.10869088313982989
-0.0147008253035095,0.0077873895090929,-0.000827618869656,-0.130000000000001,0.0023300981416234,0.2,-0.0021445415913516,-0.03232445400981998
0.0754826217432769,0.0242575099320632,0.0350688871068332,-0.0299999999999994,0.0015503879074545,0.0,0.0028658120798938,-0.029270382300110143
-0.0591154530264313,0.0194238181553347,0.0285395931842771,-0.0099999999999997,0.0061776258239572,-0.2,0.0032249846993934,-0.02930305936897959
0.177462661550483,0.0565475482113871,-0.0009994170899343,-0.11,0.0046083030861945,0.3,-0.0015753597941934,-0.0051107436625601466
0.277451790699042,0.0493215207985075,-0.0848245583163942,-0.17,0.0083937921284684,0.2,0.0036688130399174,-0.049003679703499614
-0.162206753982288,-0.0115852857665758,-0.0474894231982939,-0.0899999999999999,0.0068156265350598,0.2,0.0001380329044078,-0.0044943895878404305
-0.150613457543621,0.0346178358228834,-0.0266348291042293,-0.19,0.0067694880552471,0.0,-0.0061458157120029,-0.09045711015525004
-0.170520605855418,0.0095146249518259,0.0262542995293185,-0.11,0.0022463506263736,0.3,-0.0125047105977645,0.1215017318372098
-0.060543443345161,-0.0217707576833149,0.0418047332701139,-0.319999999999999,0.003732740429684,0.0999999999999996,-0.0070331329158088,-0.16689530409756959
0.075819516943104,0.0065863067080876,-0.0099658442814858,-0.52,0.0037188588787371,0.100000000000001,-0.0034306637505681,-0.19415601444095998
-0.104681652804389,0.0151335383667087,0.107030446854282,-0.279999999999999,0.0007421150618878,0.199999999999999,-0.0072965682799068,0.19001950388917965
0.16284972031916,-0.0754286889814372,0.0272840732527397,-0.0300000000000002,0.0,0.2,-0.0056312521610184,-0.04666806508367927
0.0801890362384738,-0.0401610914831441,0.0196825333699433,-0.26,0.0022230464879466,-0.0999999999999996,0.0026521072520688,0.08329474305991003
-0.027522435060348,-0.0149131884372753,-0.0044610524442605,-0.19,0.0036941305401416,0.2,0.0099489910745411,-0.005007521730620468
-0.0702791987065434,-0.0439377030314202,0.0007933569993525,0.11,0.0029455102297575,0.0,0.0079449449783197,0.03937516523482998
0.109341163362588,0.0009694032870639,0.0051152355379136,0.0099999999999997,0.0014695079793591,-0.100000000000001,0.0026645271257814,0.025727955522520496
-0.0464559688274653,0.019668439993066,0.0238307601576402,-0.25,0.002932553421278,0.100000000000001,0.000181046676591,-0.013257769945650644
-0.0046719230050755,0.0248649413680384,-0.0056657375356774,-0.11,0.0029239786914354,0.0,0.0083281770589387,-0.03294871692040946
0.0530750869700674,-0.0019712436809931,-0.0008267879759937,-0.23,0.0014587894636592,0.0999999999999996,-0.001003942080211,0.061146073782239796
-0.0942371161294333,0.0322636257828328,-0.0024844733276614,-0.430000000000001,0.0043636432877738,0.0,-0.0012876751058348,0.021999053995370055
-0.107272756885378,0.0263961205298043,0.0066888154034066,-0.489999999999999,0.0028985527540115,0.3,-0.0043827940302856,-0.021999053995370055
0.104306915381227,-0.010010534066396,0.0685586399626441,-0.27,0.0007233273371429,0.0,-0.00523227659819,0.08608416320044032
0.0456213989741863,-0.0173975615877205,-0.0084958997221136,0.04,0.00216684808509,0.100000000000001,0.0069880221163236,0.06102470183777964
-0.0134233143403151,-0.0308454885942757,-0.0126843343736613,0.2,0.0036010121735943,0.0,0.0082791796583743,0.03691035402009035
0.0719685918557706,0.0188489662697182,0.0001227340232521,-0.29,0.0021543993970265,0.0,0.007593053324479,-0.16565322991282017
-0.0339487793348598,0.0296704415207801,0.0180005346763421,-0.12,0.0021497679364923,0.199999999999999,0.0032212468504537,0.09952001721581993
0.0324309080555771,0.0248880389405303,-0.0158918638283003,0.0300000000000002,0.0028591870800456,0.2,0.0005387628965349,-0.05851605563110063
-0.0941998578300622,0.0331879483351425,0.0164702746607084,-0.45,0.0028510354308393,-0.0999999999999996,0.0089113400686997,-0.005253952541159457
0.0089410737367825,0.0133124651258687,0.0069149594851989,-0.0800000000000001,0.0021329549501416,-0.100000000000001,-0.0055699168325498,0.07360615304897955
0.0445019425536857,-0.0511470611127207,0.0013151446761119,-0.22,0.0021284151348259,0.0,0.0031372870617625,-0.03317053693848937
-0.0353450618361375,-0.11076063436931,-0.0143928932876198,-0.0500000000000003,0.0042432878378662,-0.3,0.0067862187454688,0.04774569374144999
-0.0542525533357563,-0.079357279052233,0.0247576511257268,0.27,0.0028188884064199,0.100000000000001,0.0040258279464433,-0.024411301679680086
0.0170175095195133,0.0157258423054641,0.0298223573070233,0.0900000000000003,0.0014064699927516,0.0,0.0015775944573643,0.010651473091470187
0.0297986399140089,-0.0119994953661723,-0.0009415872180502,-0.22,0.0035075448096781,-0.100000000000001,0.0039863955539702,-0.01395180612012048
0.0672554398838132,-0.0626045577581359,0.0147562916130459,-0.0699999999999998,0.0020986366569202,-0.2,0.004723764562394,0.0
-0.0354454789455061,0.0153043108430165,0.0189721565225422,0.02,0.0013966482717213,-0.0999999999999996,-0.0009669626981647,-0.11088539158980026
-0.0183462327887272,0.0552295748249583,-0.0158527344762911,-0.0800000000000001,0.0034831104528203,0.0999999999999996,0.0028643479160752,0.14978819025940027
-0.0126226755203587,0.0019402411985086,0.0048855815210391,0.0899999999999999,0.0027777795639023,0.0,-0.0040077688695321,0.0015885626851304124
-0.0281971489911483,-0.0258530711501673,0.0062912298490118,0.11,0.0006932409289763,-0.0999999999999996,0.002385389817948,0.01574835696813981
-0.0206056094113158,-0.0084562876985439,-0.0017199981902722,-0.0299999999999998,0.0013850417726617,-0.0999999999999996,0.0024088300596609,-0.020521635720790243
0.0731891219908487,-0.0027453229603082,0.0151763468366637,-0.02,0.0020739723991294,-0.100000000000001,-0.0009321579824073,0.03602582225675999
-0.0358432394959514,0.0221479777902431,0.0111894485604367,-0.0699999999999998,0.0013802624689578,-0.0999999999999996,0.0051039409222513,0.032541653073610455
0.0632655514027842,-0.0148659868315597,0.0100960625320861,0.0699999999999998,0.0041293933420112,0.0999999999999996,0.0074044342020265,0.035835644371129405
-0.11844068283974,-0.0144147848090903,-0.0021795668918187,0.0800000000000001,0.0027434859457509,-0.2,0.0047452040160909,-0.011560822401079918
-0.0574645672194607,0.0070657405094489,0.006588887365786,-0.04,0.0020526863177421,-0.0999999999999996,0.0056317002558579,0.10804586037852015
0.173722904700313,0.0006703311686855,0.0149959143877316,-0.0800000000000001,0.0,0.0999999999999996,0.0031821562817748,-0.1866361349717396
-0.0479874197882681,-0.0088171528645071,-0.0029854876764945,0.27,0.002730377122857,0.0,0.000714069133707,0.04983783320186941
0.0066230665206044,0.0085490743158874,-0.0166137733362257,0.25,0.0027229424584565,-0.0999999999999996,0.0099452742002474,0.1568183440033204
0.119090601027968,-0.0064555398689885,-0.0364019819371109,0.18,0.0006795786873841,-0.0999999999999996,0.0058953386302818,-0.06539139965409024
-0.0233166906459732,0.0146662598724887,0.0081725817574733,0.46,0.0020359694850986,-0.300000000000001,0.0046881558739579,0.04079469039322969
-0.0231880414534853,0.0145197904632301,0.0086781373345612,0.0,0.0027081939368791,0.0,0.0065197349788421,-0.07976969994571981
-0.0344727311640169,0.0133426431885613,-0.0075698583781642,0.19,0.0033749610165259,0.0,0.0012506674397689,0.021068194988689726
-0.096775140090672,-0.0029136606452338,0.0280477954989173,0.15,0.0040349752121793,-0.0999999999999996,0.0065819267838103,0.0076151285272505476
0.0154636548716445,0.0153784840735279,0.0058419410131822,0.14,0.0020113985996852,-0.0999999999999996,0.0031130648487831,0.01641623733465991
0.0655674678993714,0.0254071980250219,-0.006768615288859,0.33,0.0006695681535724,-0.100000000000001,0.008041487700761,-0.01641623733465991
0.0075655850937512,-0.0107649055569662,-0.0060552508713254,0.34,0.0026737983844027,-0.2,0.0067541894650107,0.0412081268581197
-0.0751133306890015,-0.0193786044454385,-0.0127048205300913,0.31,0.0020006675562962,-0.0999999999999996,0.0096874356726974,-0.03776578266715003
0.100565798114589,0.0101491312553615,0.0218599813171005,0.11,0.0026613455495141,0.0999999999999996,0.0020867252514138,-0.033546122491199704
-0.0176599615677988,-0.0016525777612149,0.035203229649114,0.0599999999999996,0.0026542815848733,-0.199999999999999,-0.0013448714102715,-0.06686294522913006
-0.0284962435786507,0.0177799274268717,0.0230352622285288,-0.0399999999999991,0.0019860979716295,0.0,0.001552044934237,-0.052253601759679746
0.0676625187541053,0.0044271311590716,0.0294908791285131,-0.0800000000000001,0.0039604012160969,0.399999999999999,-0.0016277477083592,0.014308670195560147
-0.075305290068671,-0.0124582949183202,0.0308247566190643,0.0199999999999996,0.0019743343037168,-0.2,0.0046311369871388,0.03642401872341949
-0.0626459806197848,0.0046508788504248,0.0292356876738582,-0.2,0.0019704439872994,0.0,0.0032976547176133,-0.025434897147829538
0.0064794738547471,0.0002507837003739,0.0328645814647501,-0.0499999999999998,0.0013114755978103,0.100000000000001,-0.004241443513024,0.1314801098539693
0.10406106503492,-0.0179637974158977,0.0031169414744951,-0.0199999999999996,0.0019639940846598,0.0,0.0130651157017629,-0.031285137497029325
-0.0302989842361465,-0.0049907327338997,0.034558928278094,-0.12,0.0013071897286218,-0.100000000000001,0.0040011445893837,-0.03375544896522076
-0.0553337216850838,0.0120502589838469,0.0071447936267183,0.0,0.0026092643636133,-0.0999999999999996,-0.0015349977625378,0.0
0.075351799691346,-0.0098077464310668,0.0214018096946917,0.0800000000000001,0.0013020835172987,0.0999999999999996,0.0024093186582963,0.05886137009629078
0.0256763519191696,-0.014180063573834,0.0314710709092401,-0.220000000000001,0.0013003903002832,0.0,0.0034855576532208,-0.014568415828290604
-0.0651648500466426,-0.0076239251106593,-0.0002441028824398,-0.14,0.0051847167341865,0.0,-0.0054260192074089,0.024845998586529916
0.0184521275408382,0.0046985207815542,0.0555856866625941,-0.17,0.0019373593402267,-0.0999999999999996,0.0141948768656128,0.01622753662176013
0.103390335584693,-0.0058111227484817,-0.0038099397471897,0.13,0.0032206147000417,0.0,-0.0015217482694112,-0.04597722279281946
-0.0149488916236207,-0.0072952247568187,0.0001545308446635,-0.0099999999999997,0.0038510959020978,0.0999999999999996,0.009999394547953,0.06260547423039942
-0.202072524433659,-0.0005278437705031,0.0214927258213491,0.0699999999999994,0.0019200005898243,0.0,0.0074504769723171,-0.0079470616925299
0.0652438086959988,0.0172733946683428,0.0109346595735929,0.0700000000000003,0.0019163212507642,-0.3,0.0074403928543471,-0.024908726366810185
0.0800367296904478,0.0073677060485303,-0.0372289806924151,0.0600000000000005,0.0019126559863327,0.2,7.9436530215915e-06,0.003402521145840609
-0.0120856994651466,-0.0019981314456818,0.0284848032207536,-0.100000000000001,0.0012730746467983,-0.4,0.0050262510962921,0.05613887254517991
0.058837442866587,0.0060465898878345,0.0182426782200729,0.04,0.0031756139738865,0.100000000000001,0.0064379496778377,-0.054102903060080365
-0.0511837335912144,0.0171672578235699,0.038628979956373,-0.0999999999999996,0.0031655613645611,0.0,-0.0001322021543028,-0.05791642787955009
-0.0862016300124067,0.0467979251270041,0.047617771369187,0.04,0.0031555721988096,0.2,0.0087853905636095,0.06736319178964045
0.117429399032621,0.0009620588800477,0.0102508132622381,-0.12,0.0025173078113773,0.0,0.0063005676619685,-0.0832940138618401
-0.0771610822086353,-0.0032506650343543,0.0304368728928779,0.12,0.0018838310123738,-0.100000000000001,0.0018061336140755,-0.011009285508370326
-0.116407584671526,-0.0200366010029444,0.0411278650976294,-0.0200000000000005,0.0018802888648519,-0.0999999999999996,0.011739889740304,0.09228649196390037
0.0686136671670941,-0.0098912774787426,-0.0078338082556017,0.13,0.0006259781112074,0.0,0.0062150635560254,-0.019708419082499873
-0.005916280584258,0.0121647738034892,-0.0362872296808883,0.0200000000000005,0.0006255865077342,-0.100000000000001,0.0008365430789405,0.023737974568510012
0.117173690756444,0.0017783233262332,0.086665517615657,-0.11,0.0,-0.199999999999999,0.0055436487481737,-0.034086462918820004
-0.137808604313719,0.0077507940429699,0.0505554068317844,-0.12,0.0018744147943508,0.0999999999999996,0.004659489119823,0.035426047847869846
0.106760149446144,0.0147846883385238,0.05441011551118,0.12,0.001247660798155,-0.0999999999999996,0.0083297810764824,-0.03889947961374052
-0.0085453252944827,-0.0402755402834267,0.0021052298426464,0.0899999999999999,0.0024906613124517,-0.100000000000001,0.0099393800544929,-0.03325385995427954
-0.0222165005465627,-0.0013729408047785,0.0104921949943169,-0.19,0.0024844733276614,0.100000000000001,0.0092530116370852,0.10636720302263036
0.0786999879095562,0.0196030146420341,0.0149776656198872,0.0199999999999996,0.0018593125901835,-0.2,0.0087064541216879,-0.01696061530705073
-0.124281634247009,0.0336586154534106,-0.0129520137870101,0.17,0.0012376239203497,-0.100000000000001,0.0079388945139173,-0.006600684031349502
-0.043571971772455,-0.0174405662972026,0.0246687135440977,0.0200000000000005,0.0006182380413308,0.100000000000001,0.0045082031337084,0.03641494674177981
0.0042169760814543,-0.0149940587953193,0.0010281816113533,-0.12,0.0012353306079919,-0.100000000000001,0.0044808569455652,-0.0265301875092403
0.0523103825499951,0.0035411234268171,0.0607906933936659,0.0499999999999998,0.0,0.0,0.0016560727623593,0.037958883332859905
-0.0272734280939404,0.0127775983753067,0.050558951719462,-0.0599999999999996,0.0,0.100000000000001,0.0004106321840673,-0.010790330018349614
0.0945279604432687,0.0062383982535995,0.0323184959241978,-0.0800000000000001,0.001233806448929,-0.4,0.0036173922091871,-0.017380546948349895
-0.0658674035676583,-0.0206018463055753,-0.0034044579000047,0.0499999999999998,0.0024630554323978,0.100000000000001,0.0062531382676489,-0.002600781700049737
-0.0459126798399523,0.0074196046755404,-2.7065919047331e-05,-0.0199999999999996,0.0012292564547298,0.0999999999999996,-0.0060280007825444,0.0661241773824699
0.114484681734221,-0.0040678845445624,0.0425588625772537,-0.0200000000000005,0.002453988961566,0.0,-0.0040211990576448,0.03414527578120019
-0.0827736792086484,-0.0057964102618725,-0.0735002638137372,-0.0599999999999996,0.0012247398958962,0.0,0.0203845948032173,-0.05073551804140042
0.164936314349592,0.0290085167745076,-0.0515372292042828,-0.29,0.0006118079114054,0.0999999999999996,-0.0008781032144042,-0.020025700502290356
-0.150623910665615,0.0071667911220272,0.0115241082293451,-0.65,0.0024434954124759,-0.0999999999999996,0.0068973048618286,0.08072321127244031
-0.0750119306206285,-0.0198486623501107,0.102952706719644,0.45,0.0012195123462612,-0.0999999999999996,-0.0008555287043208,-0.032595478249450416
-0.0171228557132683,0.0058225201259891,0.0390886265869828,-0.0200000000000005,0.0018264845260347,0.0,0.0042634514459205,0.07651471218429062
0.230607078893348,-0.0126484851963891,0.0481637438209077,-0.0499999999999998,0.0018231545615146,-0.100000000000001,0.0041481303230162,-0.02486003731940034
-0.137880637222085,-0.0135475312990964,-0.0017552652431724,0.100000000000001,0.0,0.100000000000001,0.00571198100294,-0.04564865080468028
0.236969183966666,-0.0038782405715114,0.0277523110902864,0.0,0.0006069802917769,-0.2,0.0020916171980367,0.02366974408591016
-0.0314897854727225,-0.0076775808990342,0.0405953876942995,-0.15,0.0066525797210275,0.0999999999999996,0.0022729768822173,-0.09630482634801929
-0.144523730324862,0.0040318883512067,-0.0020173771198877,0.21,0.0006025911601446,-0.0999999999999996,0.0060747773872149,0.03666656002827917
-0.0155131629698255,-0.012708867789251,-0.0071724320709041,0.0700000000000003,0.0,0.0999999999999996,-0.0005730481759318,-0.03281051411918945
0.107127883688416,-0.0125549739112552,0.0432389420523123,-0.0200000000000005,0.0042080014002046,0.0,0.0057728627664657,0.06818005460405008
-0.0573830551820635,0.0193033124428938,-0.0395106921224224,0.17,0.0023966458446,-0.0999999999999996,0.0044575401643376,-0.012662213192410121
0.0586127055050443,0.0117011085851211,-0.0070455300781722,-0.04,0.0041803584317579,0.0,-0.0042201979482161,-0.007919627138069707
-0.169536950800019,0.019806247867542,-0.0138724543251287,0.180000000000001,0.0017862463814637,-0.100000000000001,0.0128937893799499,-0.016651633592440263
0.151279886146119,-0.0223946876216446,0.0676509561957079,0.21,0.001783061393656,0.0,0.0052089478697796,0.02457126073050997
-0.0544632181899294,-0.004514959582389,0.0267280281095728,0.13,0.0023724803536309,-0.0999999999999996,0.0078337988098899,0.03576066387909993
-0.0021809611022249,0.0167203305186912,-0.0021651779314213,0.12,0.0029577069772326,0.0,-0.0005924503668799,-0.043068857185829756
0.0354984658865627,-0.0249364852900316,-0.0260952962399026,0.23,0.0041261479111725,0.0999999999999996,0.0036658070657704,0.059905249078409994
-0.058579707529367,-0.0126420753490693,0.037686192447989,0.140000000000001,0.0058651194523982,-0.0999999999999996,0.0037900046669117,-0.07965897781464015
-0.167709204149607,0.0015179308461341,0.0131908496587476,-0.0300000000000002,-0.0005849663811146,-0.2,0.0062138764405501,0.013622501681299859
0.261112273419107,-0.0474323049570887,-0.0297816332196952,0.13,0.0017538735860958,0.2,0.0029540594620787,-0.03186773884802996
-0.0109059594564616,0.0001325293223066,0.0301921254055832,-0.0999999999999996,0.0058241282859885,0.0,0.0005880497307542,-0.010210682201949872
-0.167636606101096,-0.001060726697175,0.0075231363083139,0.27,0.0028993931590024,0.0,-0.0018984547474332,-0.06355546803766021
0.114465806325918,-0.0124813901314756,0.0084233511168756,0.13,0.0,0.0999999999999996,-0.0026906328453204,0.051942434299999896
0.0342082146369669,-0.0378488290408387,-0.0117894990395682,-0.0899999999999999,0.0051978170736175,-0.2,0.0039226766629898,-0.022310636693619657
-0.105661954324931,0.011788500708646,-0.0545305280626005,0.11,0.0017266191339873,0.0,-0.0034259792594699,0.02748864179037014
0.0630236938522253,-0.0172442042457839,-0.0087422617488277,0.0599999999999996,0.001723643058165,0.0,3.66230134742906e-05,0.001290322759669671
-0.228684665941508,0.0256877073005124,-0.0347842537524707,-0.4,0.002293578987099,0.0,-0.0033025353567071,-0.012325812875999986
0.228155836338594,0.0099307032962128,0.0035251446561126,-0.619999999999999,0.0057110377955149,0.3,-0.0054507031752759,0.04342955792732983
-0.0375851797901006,-0.0170652605541871,-0.0226255023157433,-0.27,0.0022753138371349,0.0,-0.0067870492647399,0.015504186535969744
-0.0844393456630352,-0.0055229688197763,-0.0963177713055048,-0.46,0.0005680204640086,0.0999999999999996,-0.0025500744993332,-0.02177379954955949
0.0896470898655717,-0.0067377742481623,0.0033590272734391,-0.55,0.0017021280705309,0.100000000000001,-0.0032781907921863,0.03643502734531978
0.0376750027443671,-0.0058015750045727,0.0654893523201272,-0.25,0.0050890695074716,-0.100000000000001,-0.0055359622149113,-0.027045286995480033
-0.0808850011470903,-0.0173241030590194,-0.0252376810971651,-0.13,0.0022535220804433,0.2,-0.005685843358318,0.019130481598570448
-0.0055710450494559,0.0090883897367902,-0.0280474843143992,0.0199999999999996,-0.0016896652851272,0.0999999999999996,-0.0059578928341554,0.020569388248109277
0.0803979562216699,0.0157085979080381,-0.0217805878167194,-0.15,0.0,0.300000000000001,-0.0012175937620373,-0.06366066305477958
-0.0974623722773562,0.018339017927763,-0.120570114937863,-0.72,0.0039381204201376,0.0999999999999996,-0.0053077112085322,-0.0031959119563902405
-0.0933038012518814,-0.0094032746132772,0.030126310144559,-0.48,-0.0028113597375467,0.3,-0.0030729617863967,-0.014184634991959655
0.0314798262209957,-0.0100496392803973,0.0481357681781143,-0.29,-0.000563221642599,0.2,-0.0058082691715526,0.039470432220629625
0.10401166632464,0.0039626038156049,0.0134090929873212,-0.18,-0.0005635390399918,0.2,-0.000343384730713,-0.021451926717949377
0.0348726783614568,-0.0063337605162177,-0.0041310437981367,-0.04,0.0016896652851272,0.0,0.0069391324694825,0.0796501659609401
0.0355332312196848,-0.006655248915718,-0.0352933706752081,0.0700000000000001,0.001686815131479,0.0,-0.0001016481686697,0.07431828151957998
0.110368695480764,0.000210844432731,0.0471330904969101,0.0700000000000001,0.0028050509276083,0.0,0.0075782701403035,-0.10785435837850077
-0.0903131308662877,0.0138876582133577,-0.0369549315830549,-0.0800000000000001,0.0044717793913937,0.2,0.0047995994816414,-0.030923923608039416
-0.0448754061802856,0.0116444627143218,-0.0298308887532412,0.02,0.0011148273172461,-0.100000000000001,0.0043213585665427,0.10259287016241014
-0.0852646028900677,0.0162395279392161,-0.0623437266130935,-0.03,0.0005569479397662,0.0,0.0081575038793584,-0.02700537566926009
0.111264586561092,0.0479007429249149,-0.11530219013362,-0.02,0.0022246950221109,0.0,-0.0002291907483078,-0.03677757308632046
-0.0020772117559504,-0.012737378427316,0.0098671607871558,-0.0599999999999998,0.0027739268827256,-0.0999999999999996,-0.0012890742010176,-0.013382194840690254
-0.0076207381788444,0.0126088767566175,-0.050270081785686,0.0099999999999997,0.0016606701851404,0.0,0.0010730579151943,0.09958760765210073
-0.0724782039194563,0.0007707624506439,-0.0153041699542662,-0.0499999999999998,0.0022099456508026,0.0,-0.0026068928521922,-0.09044399015315019
-0.0656559479080379,0.0086940392919434,0.0626990467391639,-0.35,0.0016542600960258,0.2,0.0054488419941387,0.061766174451809874
0.206929500732503,0.0096282494608578,-0.0118844365760538,-0.04,0.0016515280384732,0.0999999999999996,-0.0054046381658592,0.019769070812230005
-0.0002341018996405,0.0194774869606461,-0.0037214112986045,-0.02,0.0043907864174901,-0.2,0.0082275734107248,0.035708270551899624
-0.0277994427815056,-0.0059527676246896,-0.0679019134595205,0.0,0.0054615100255217,0.100000000000001,0.0010833732853017,-0.12883961768330998
-0.152077994921197,-0.0159231047320347,0.0114038511790167,-0.04,0.0016326534238855,0.0,-0.0029538296788249,0.05784026304131995
-0.10507897769874,-0.0054492594607759,0.0499914067031773,0.0,-0.0038136793702454,0.0999999999999996,-0.0063637474668789,-0.049282753606100016
0.168041999919034,0.0303499188393088,0.0503175704984331,-0.0599999999999998,-0.0016388968432101,0.0999999999999996,-0.000238725472367,0.06366321424858068
0.0916232624994349,0.0234530897080891,0.0541099572261787,-0.15,0.0010928962836445,0.2,0.0013277397901934,0.06414581125586949
-0.086420620235256,-0.0236380180488842,0.0045846162683655,-0.02,0.0032715405406156,-0.0999999999999996,0.0051912764608284,0.015940826393290308
0.0253242338185782,-0.0175377629310616,-0.0030372310906079,0.0499999999999999,0.0043454712595014,-0.100000000000001,-0.0023770451627411,-0.03431972209530976
-0.136957699677068,0.0134606631395456,0.0297786529783979,-0.01,0.0032467560988704,0.0,0.0065840202075895,0.05621840740294992
0.179961165887532,0.0386729832418704,0.0187453561693243,-0.0199999999999999,-0.0010810811863732,-0.0999999999999996,0.001248054857835,0.014337163146409537
-0.0448800340168414,0.0062335088601807,0.0106961084475472,0.01,0.0005406866852455,-0.2,0.0067140134585228,0.05729962287191004
0.0087773242427933,0.0359786575606393,0.0288585366763074,-0.03,0.0026990569691651,-0.0999999999999996,0.0008339230378711,-0.012560551608009618
0.0303316585899234,0.0413242661684482,0.0468917800481998,-0.02,0.0043033955600533,0.0,0.0016625161754735,-0.07362194541269051
-0.050236460276448,0.0226396151293428,0.0095260575896425,0.05,0.0021447729401336,-0.100000000000001,0.0060633905233666,-0.03460552917746984
0.0428971117480863,-0.0223109920570458,-0.0170953381340224,0.0099999999999999,0.0021401827323677,0.2,-0.0039737357125995,0.07912554414570039
-0.0584245957948233,-0.0126751393856659,0.0083107143700731,0.0,0.0016021365242773,-0.2,0.0040533292264157,0.0024993764573197907
0.0952568886034668,-0.0095289233458782,-0.0273524077406044,0.0800000000000001,0.0042598573469581,0.0,0.007164294843454,-0.011044288967269722
-0.151093560273249,0.0231892844861141,0.0268228682510623,0.25,0.0037125473561845,0.0,-0.0076570159216595,-0.08037929468444993
0.125612755743393,0.0086608924419355,-0.024042862566823,0.0600000000000001,0.0010582011569475,-0.0999999999999996,0.0072970798945322,0.09092420786106992
0.0314758797902699,-0.0128273367126409,-0.0154095240183665,0.15,0.0005286809533657,-0.0999999999999996,0.0009065346387959,0.010929070532189833
-0.0771203226990722,-0.0147207970968847,0.0260324679763304,0.17,0.0031662295580501,0.0,0.0010667145566234,-0.06059374284656016
0.122962309616643,0.0077747934258403,-0.000402707992932,0.11,0.0052548728383587,0.0999999999999996,0.0087762692695738,0.08403231581857007
-0.237190916735628,0.028897442012787,0.0452628492554963,0.31,0.0047058910374122,-0.0999999999999996,0.0023908595098207,-0.15077799534862013
-0.0198904545620895,0.0358415900826884,0.0255656514109557,0.12,0.0,0.0,0.0077192805636627,0.13619339069385994
0.189785782614261,-0.0256821614537345,-0.0149543662752993,0.14,-0.0005217845148388,-0.100000000000001,0.0035966340727107,0.04874352346608024
-0.054054026193243,0.0039290695125003,0.0153045355273482,0.21,0.0041666726948461,0.100000000000001,0.0072726762357877,0.02896088406605024
0.100294279748326,0.0090732278297209,-0.0039506760425549,0.2,0.0036316512028626,-0.2,-0.0014291678980873,-0.16890941101120038
-0.147794582701929,-0.004315341924613,-0.0258308029739851,0.0399999999999996,0.0031023809784818,0.0,0.0019692342090085,0.10046658564492006
-0.0387671074151466,-0.0214293914558991,0.0118240510874754,0.0600000000000001,-0.0005163955704734,-0.100000000000001,0.0011536470892368,-0.017621601349819827
0.183795724352692,-0.0207977879652058,0.020139053188573,0.13,0.0005163955704734,-0.0999999999999996,0.0040983135733698,0.02101225608767976
-0.078910666996058,-0.0375562576801665,0.0164904396352776,0.25,0.0061760361005642,0.0,-0.0030079146540318,-0.006792845139820258
0.0590299742860489,0.0246549962671119,0.001659507188509,0.22,0.0061381266887856,-0.0999999999999996,0.0033401981597274,0.019764441867740068
-0.0922932486753005,0.006665210189399,0.0013468345307261,-0.02,0.0136745610201734,0.0999999999999996,-0.0194845821323817,0.026379296911490435
-0.0592265331205848,-0.0231285684091643,-0.0280925714970195,0.29,0.001507916847677,0.0,0.0120077921432431,-0.04080262387260003
-0.0174484134440887,-0.0172575711539509,0.0373891484043387,0.17,-0.0050352573656455,0.0,0.0109914036757397,0.03894129248365008
0.0866793532037082,0.006263128468967,0.0197650706551746,0.0100000000000002,0.0,-0.0999999999999996,0.0046792609209562,-0.07392884735700012
0.078206597343093,0.0129753698403853,0.0131141677950426,0.35,0.0060392735142436,-0.2,0.0018570372453172,0.13095787333076014
-0.15845769113485,-0.0117159959261539,-0.0016279382787409,0.19,0.0005016303089888,0.0999999999999996,0.0003665151778315,-0.07015626558423982
0.0814514365018777,-0.0021762794225955,0.0132977889241275,0.0800000000000001,0.0015033828940316,-0.0999999999999996,0.0023770488828773,-0.07341847962917036
0.0821132730117888,0.0135529664047036,0.0064948550863759,0.0899999999999999,0.0049950153805227,0.0,0.0030651372763426,-0.0781399989115199
-0.0847330578489842,0.0553940377306208,-0.0093821333379269,0.12,0.002985076843454,-0.100000000000001,0.000120466742973,0.06433256912365959
-0.0174957252392005,-0.0135770632540104,-0.0289736291890401,0.0700000000000003,0.0024807752737627,0.0,0.0032188765979039,-0.0748212106829893
0.047192114751998,0.0004338630145611,0.0056258379230973,0.16,0.0054361389122599,0.100000000000001,-0.0007186743594207,-0.03673767192718014
-0.0659202066203068,0.0266439899739355,0.0211282929235264,0.0099999999999997,0.0044258739568556,0.0,0.0042580696496488,-0.05138419934647054
-0.11584816741075,-0.0053996954913671,0.0234876760924339,-0.15,-0.0049188490715961,-0.2,-0.0020522097637591,0.04154900291287067
0.0529460774703345,-0.0039357565962531,0.0340487625980872,0.11,-0.0044477463982364,-0.0999999999999996,-0.0010382761920571,-0.1428772550427606
0.0896358670148389,0.0190029471256153,0.0183579402841731,0.0200000000000005,0.0004951720824131,0.0999999999999996,-0.0005447700196468,0.05162858357761024
0.03554151684048,0.0260116848431119,0.0198077105471226,-0.0900000000000007,0.005430771185134,-0.0999999999999996,0.0101833577411155,0.049093424217249826
-0.171962948489328,-0.0021419836831052,0.0054496047675645,0.130000000000001,0.0016579060562325,0.199999999999999,-0.0038942312878838,-0.15728881066092004
0.210584118734164,0.0001021033286572,0.0143887374520997,0.0499999999999998,0.0038708491335395,-0.0999999999999996,0.0096730282280077,0.04916185485947988
-0.0607501939635031,-0.0058879416446989,-0.0265466627824731,-0.0899999999999999,0.0051866474931996,-0.0999999999999996,0.0019228332881349,0.010084119066630315
0.033079547349077,0.0205836555958199,0.0395022427628993,-0.0700000000000003,0.0029961694819986,0.0999999999999996,0.0068358300283302,-0.0033500868852796017
-0.0627840516398486,-0.0018629949246735,0.031937849209096,-0.14,0.0041244766569237,-0.0999999999999996,0.0006928254465332,-0.05164658886217044
0.0694259088297144,0.0012591605582156,0.0020163096477512,-0.12,0.002314072179459,0.199999999999999,0.0002557517097656,0.023053762868319616
0.03324184286096,0.0242665181690157,0.004296688543782,0.21,0.001779012466681,0.100000000000001,-0.0010962582677596,-0.06712011947343921
-0.119089718140073,-0.0121093781703814,-0.0444326329334652,-0.62,0.0003082332001183,-0.100000000000001,0.0020891351952405,-0.017884232256420773
0.123509487089273,0.0036730075541959,0.0287985644172917,-0.31,0.0042286002454385,0.100000000000001,0.0024808283455595,-0.11712535723741002
-0.0235641573011574,0.0130437701989209,0.0280183502839728,0.0099999999999997,0.003078494401099,0.0,-0.0029348734826939,0.06622771072841083
0.0176797665016339,0.012248026745539,-0.0508059507866614,-0.63,0.0078281640828734,0.0,0.0057790654615974,-0.05446286914883025
-0.124218083214792,-0.0264319631356424,0.010759259778661,-0.27,0.0028938234029487,0.3,-0.0001084906652666,-0.14348649732844
0.0442316253273267,-0.0230298917140868,-0.0703303773156563,-0.25,0.0034417753671736,0.0,-0.0013576167503162,0.04432597377005987
0.0122803832330867,-0.0028463981808095,-0.0174790357361561,-0.63,0.002414908637454,-0.0999999999999996,-0.0039355554168176,0.01737583725391012
0.0762325617097197,0.0186082371918591,-0.0283946451328436,-0.86,0.0035716418927451,0.199999999999999,-0.0036295500845353,-0.09304619876032039
-0.0374294408571059,-0.0099923002574785,0.0398428830631019,0.03,0.002311706965508,-0.0999999999999996,-0.0066771669754217,0.007928683755499932
0.043557891104145,-0.008412353871788,0.023615848970012,0.44,0.0059000520681236,0.4,-0.0058139090808904,-0.0402874220626801
-0.0419652346391501,0.0007122145084086,-0.0451675807071252,0.13,0.0104237187971661,0.199999999999999,-0.0022573914631669,0.07234456243887077
-0.0695537319851782,0.0113269819446763,-0.0646115899766517,-0.23,0.0071160653935047,0.2,-0.0042104607447193,-0.12509941012202042
-0.131151568289601,-0.0528081813520814,0.0190174314955209,0.0900000000000001,-0.0014895846082954,0.3,-0.0157790044833712,-0.08947673990688987
0.0194107696511354,-0.0484377216463764,-0.0516601279545936,-0.59,0.0008547262996732,0.0,-0.0446661633556964,-0.02884815433765997
-0.188773157360298,-0.0638080622694136,-0.228044815270302,-0.46,-0.008635616399558,0.4,0.0098384266008029,-0.05386398989065011
0.0156706122095036,-0.0954465904837133,-0.0926876925476909,-0.48,-0.0178640940928183,0.3,-0.0131859517049486,-0.17539578844100046
-0.0481724915178789,-0.0313467897696658,-0.0062251706203309,-0.16,-0.0082676050540815,0.5,-0.0285485623214496,-0.15210777819745935
0.354081321100554,-0.0267446694943447,-0.0137455266060194,0.1,0.0025275743322668,0.5,-0.025114805069415,-0.13353139262452007
-0.0812042329915648,-0.0027697012581923,-0.0722718515691172,0.17,0.0036360422314452,0.500000000000001,-0.006035018597549,0.17206505662676985
0.266932523735984,-0.0176277647919786,-0.0615929816870802,-0.09,-0.0009877705412728,0.399999999999999,-0.0158835293391117,-0.1419120184560798
-0.166098536506696,0.0375364335994309,0.113522537733088,-0.05,0.0010065757521973,0.300000000000001,-0.0080100144004147,-0.05494769678390021
0.135401573945964,0.0468721707350505,0.0620114553009463,0.02,0.0014704123326474,0.4,-0.0100750652213364,0.12195840706686045
-0.0087637824868589,0.059853644125147,0.0259348536403197,0.0,0.0082653598554411,0.0999999999999996,-0.0031980834060059,0.08004270767353994
-0.24729268172976,0.0005496686857789,0.0104193344087919,0.0,-0.0002980098551557,0.0,0.0115164195376742,0.015267472130789272
0.186861232104857,0.0093589258014894,0.0760150970726823,-0.0099999999999999,0.0033428597908793,0.0999999999999996,0.0107252638852557,-0.013559529785639235
-0.126009788353699,-0.0127227404775879,0.0339032022805865,-0.05,0.0019290254668362,0.200000000000001,0.0083704139629663,-0.0017079423451500375
0.110384606049214,-0.0068234474058359,0.0218831671303823,-0.05,0.0029974349985852,0.199999999999999,0.0021416700056144,-0.09121600827165999
-0.0582392307556123,0.0235907438180202,0.0189361468061255,-0.02,0.0033429965449309,-0.0999999999999996,0.0041672616148131,0.09633110893843
-0.0789948223977728,-0.022727558611209,0.0202968144813873,0.0,0.0005200411547976,0.0,0.0036038284507,-0.01197619104672043
0.101037407984779,-0.0041996109153565,0.0118177170799143,0.01,0.0006485218758465,-0.0999999999999996,0.0108418458829815,0.05524417129522963
-0.0746953449122696,-0.0339911878170334,-0.0311132592188619,0.05,-0.000952229876745,0.0,0.0035287735446631,-0.016420730212319157
0.0844442220020447,-0.0365146838125528,0.0561362071677349,0.04,0.0003313132458968,0.0999999999999996,0.0070803139920521,0.051624365405299244
-0.022056211447663,0.018032736090378,0.0385427617427743,0.01,0.0002300140778759,0.0,0.0036441409420326,0.0771357288822303
-0.173721313009121,-0.0442057240126828,-0.0622493582848334,0.0,-0.0005199071645751,-0.300000000000001,0.0136027095904527,-0.16414710587185954
0.154857564641262,0.0067262542548704,-0.0377690448123467,-0.04,-0.000418882877728,-0.199999999999999,0.0023480503791217,-0.08405302527969027
-0.0067973110501187,0.0356515543774555,-0.0032914839531486,0.04,0.0018675086613582,0.0,0.0037458839125843,0.01848481467410945
-0.0075709498103231,0.0230593133463451,0.0069033258629049,0.0,0.001460296727239,0.0999999999999996,0.0036919550808134,0.09264262237054055
-0.0257271688219642,-0.0044797207898824,0.0315049411415087,-0.01,0.0016139463106572,0.0,0.0027150928520578,-0.00838227875280051
0.103738157550262,0.0175476560575381,0.0431691593466885,-0.02,0.0034757987017952,-0.0999999999999996,-0.0027280498004378,-0.08976999942871
-0.0569029754424131,0.0059067659484688,0.0230428635643021,0.01,0.0025306368592339,0.4,0.0006843290011309,0.0036764747293007716
0.029620541501564,-0.0231978966406547,0.0349483612740364,0.0,0.0040085314388491,-0.5,0.0096311481632893,-0.01107022375424016
-0.0523449649663696,0.0119197000390767,0.0325603709456175,0.0099999999999999,0.003237794880806,-0.200000000000001,-0.0020839425279071,0.15600424847658
-0.0024709538652256,0.0214387951560761,0.0295750007498734,-0.02,0.0032093192514253,-0.0999999999999996,-0.0040153629034733,-0.19767694487715026
0.137226503472135,0.0021683247351913,-0.0126677018940438,-0.03,0.0051602113856565,0.0,0.0104063819652342,0.14888678070771988
-0.0723165716136895,0.0135228565101317,0.0205014767774099,-0.04,0.0046831160490556,0.0999999999999996,-0.003469588649307,-0.07976496846886949
-0.149159060427912,-0.002873653042913,0.0050939873881086,-0.02,0.0031766637911196,-0.0999999999999996,0.0014436599119696,0.012556218775420014
0.0314433723881136,-0.0069429789517769,-0.0388683905021781,0.0,0.0,0.0999999999999996,0.0026620455106769,0.08045397644346952
0.0603214004712207,-0.0037681114480356,0.0290166119280668,0.0,0.0026166105186638,-0.0999999999999996,0.0050574908227876,0.024371636821280518
-0.127794017531135,0.0121795194448791,-0.111551501633919,-0.02,0.003149497288911,0.0,0.0064511623964067,-0.06293467155559007
0.11011559977491,-0.0364219919969752,-0.0096898422195606,-0.01,0.0021691934558836,0.0,-0.000558361103784,0.10536051565781968
0.017676374591951,-0.0001902406550015,0.0280056940664899,0.01,0.0006749796769751,-0.199999999999999,0.0068752062591839,-0.06351340572232012
0.108468865880757,0.0024070449323644,0.0157791607381608,-0.01,0.0018461448804947,-0.200000000000001,0.0001713020947953,0.1532134726358798
-0.103876808135301,-0.0139523812758696,0.0136858647340077,0.0,0.0002376802419687,-0.0999999999999996,0.0048885230834105,-0.024200469296439486
0.0029069860660957,-0.004050020000254,0.0450250977470867,0.02,0.0027204921572616,-0.199999999999999,0.0061175261943686,0.0409372616519601
0.0030531294246332,0.0178758590424845,0.039137019179214,0.06,0.0021351650368677,0.0,0.0030756814565684,-0.026630866000719955
0.0179556631577444,0.001264702331212,0.026809497027676,-0.01,0.0020912821313983,-0.100000000000001,-0.0052245697843611,-0.012866510593250169
-0.0651113396823337,0.011060947359425,-0.0020247370616681,0.0,0.0016594107660745,0.0,0.0072543651510255,0.08015338223509971
-0.0599115578447407,-0.0047613171017105,-0.0331151716470481,0.01,-0.0020703217702822,0.0,0.0020944007097423,-0.06162113410617032
-0.0517934613825091,-0.0233809888445699,-0.0133522951908649,0.0,-0.000826704797574,0.0,-0.0001466705029269,0.06691915974373064
0.203841466032359,0.0023756793092474,0.0270582908328381,0.01,0.0002887682305008,0.0,0.0023881531960725,-0.02271306723923061
0.0036201649454916,0.0082389097688164,0.0316105690057924,0.0,0.0057927177431231,-0.0999999999999996,-0.0042084514041294,0.018742181809740188
-0.0625247113774359,0.0253718708912655,0.0280818067704152,0.01,0.0047599198634582,-0.3,-0.0007452963154701,0.11630832664409052
-0.0618344368322656,-0.0028566125120099,-0.0038872201215829,-0.01,0.0026931647544001,0.0,0.0032905320460789,0.07722337062346973
0.0228767024732504,-0.0069895441817121,-0.0305849785226444,-0.01,-0.0016807561740774,-0.0999999999999996,0.0040701795501405,-0.09389042310867968
0.0512093056769833,0.0110236846411304,0.0197251496150921,-0.02,-0.0001210889356464,0.2,0.0025203286096129,0.15842894424624987
0.0522534226803604,-0.0112115780434932,0.0400440728260349,0.0,0.0019788297664797,0.0999999999999996,-7.22995482611566e-05,-0.09449084342092018
-0.0638034479468699,-0.0312376300394826,0.0213259616674524,0.03,0.0054152378489549,-0.3,0.0049217272029693,0.08004270767353994
-0.0307339233774151,-0.0257918335474527,0.0251519882844802,-0.01,-0.0028158799739523,-0.2,0.0042056276150495,0.048691159169590215
0.0135148433537768,0.015202161743148,0.0127311083850525,-0.03,-0.0020901621343405,0.0999999999999996,-0.0011065723036267,-0.19027388498443987
0.0398080777497274,-0.0009147935818296,0.0430772962342667,-0.02,0.0004140697507883,-0.0999999999999996,0.0008926227948942,0.10775286129644002
-0.0187269762453841,0.0127315782730263,-0.0129320744993748,0.01,0.0023775795219549,0.0,0.0013707039686137,-0.10297387968009009
0.0774831886630167,-0.0204754153694325,0.0303662931193145,-0.01,0.0019555389871959,-0.2,-0.0030374434148496,0.04771120100503978
-0.0694135675016589,0.0212496589076901,0.0008446224710434,0.0,0.002384445631371,-0.0999999999999996,0.0058053925528298,0.041185564784210094
-0.0211937355645704,0.0242127151690672,0.0101750518934125,-0.02,0.0003768736661315,0.0,0.0052940807727255,-0.07587112277210029
-0.0529847105936865,0.0133197729500625,0.0192891634482075,0.03,0.0005350878634899,0.0,-0.0011344482286688,0.08455738802805968
-0.013135798617097,0.0001242313188754,0.0362584208420751,0.02,0.0018427904455773,-0.3,0.0024403703756865,0.17327172127404022
0.108131860769467,0.017424939847709,0.0134994197744769,0.0,0.0026406794933659,-0.2,0.0020917139575509,-0.09331217714164985
-0.0706964659058862,0.0052963323514225,0.0080327912414865,-0.03,0.0024212417175748,-0.100000000000001,-0.0037416361079607,-0.12078153865263985
0.0947838314860601,0.0053288245270651,-0.0029235609107338,0.01,0.0011001732077007,0.100000000000001,0.007629141184096,0.061154423153330306
-0.0636662714686986,0.0039780656402576,0.0252583688911807,0.0,0.0020399731402491,0.0,0.0097843808987629,0.027169905351929202
0.0127188897953552,0.0074314138000252,0.0003970191426105,-0.02,0.0018624501675628,-0.5,0.0006210039041789,0.07256038350334038
-0.0114433852908942,0.0055969184509034,0.0135909370298339,0.0,0.0019011974817404,0.0999999999999996,0.0040124770826208,-0.03512556228220998
0.0336429216087861,0.0039111160967431,0.0298808217385522,0.01,0.0013202602787965,-0.2,0.0034388947006247,-0.10018799545860002
-0.0557352300247027,0.0093012974098495,0.0132699597100769,-0.01,0.0011248524027509,0.100000000000001,0.0027146227446932,0.17479236871460024
-0.0494681729089921,-0.0216794606916836,-0.0058811290252291,0.0,-0.0001600141489603,-0.100000000000001,-0.0018745224290244,-0.09770936892231052
0.0353809516783823,-0.0248572968087556,0.0160316575177868,-0.01,7.15884422870516e-05,-0.199999999999999,0.0030620417612983,0.038868868899379905
-0.0641851923118724,-0.0133483628234272,-0.0284766729644419,0.0,-0.0001979334907824,-0.2,5.53572460590956e-05,0.04865050911718072
-0.00831343330682,-0.019030249285106,0.0539077329151008,0.0,-0.0018844345845421,0.0999999999999996,0.0061121706694562,-0.07039049575358991
-0.137924656326687,-0.0080853536121529,0.0047330552586224,0.01,-0.0030893766581243,-0.2,-9.36321906221949e-05,0.06945896331547985
0.0179025740427514,-0.0326151172121528,-0.012781714508435,0.0,-0.0063906934924871,0.100000000000001,-0.0076942091876484,0.011121523343859963
0.296361835646362,0.0122741195028554,0.0262861878718335,-0.01,0.0025314368884981,-0.2,-0.0062707142763578,-0.20261831536948005
-0.124850988796092,-0.0245001854144944,-0.0010619410491541,0.01,0.0026903295965814,-0.0999999999999996,-0.0034094435396818,0.08021633385680005
0.185951166560431,0.0006683152023125,0.0071236393561413,-0.01,0.0010419358923821,0.0,-0.0057054020037501,0.21477530164368996
-0.0450184609280138,0.0320826884983738,0.0081202309840575,0.0,0.0032923197040535,0.199999999999999,-0.0047024055607556,-0.09791862084744007
-0.0755836490187218,0.0077339905997364,-0.0060077640253588,0.0,0.0027640971717151,-0.3,-0.0029889712695148,0.11044488066662961
-0.17071390704738,-0.001027749319653,-0.0024562244220982,0.01,0.0015850629039944,-0.0999999999999996,0.006520072174478,-0.050201948650069994
-0.0102135133012666,0.0011561437475112,-0.0262568875667295,0.04,-4.20108934306995e-06,-0.100000000000001,-0.0022753588950799,-0.01405998556829946
0.230791031219041,-0.0155262531550893,-0.0474133285643452,-0.05,-0.0022501171352722,-0.0999999999999996,-0.0027018968415415,0.07990655136587943
-0.0429604523085505,0.000325934620401,0.0626457413996109,0.0,0.0009889928020463,0.0,-0.004552730282243,-0.1457438506540294
-0.101461227064351,-0.0097587308820387,0.0045474330495638,0.1,0.0011939045033511,0.0999999999999996,-0.0077110549990191,0.10233135771871993
-0.0467301147083514,-0.0141178815457851,-0.0128378670789271,0.11,-0.0010761322495165,-0.0999999999999996,-0.0052916074885534,-0.022434072862270504
-0.0283029351819502,-0.0401102348870129,-0.0682323057395662,0.03,-0.0004585486804522,-0.2,0.0055622444377823,-0.04826674096984007
0.1164763348187,-0.0071125047064559,-0.008148400629719,0.05,-0.0013305601262363,0.100000000000001,-0.0051839925033281,0.11492996667398003
0.257743823608026,-0.0028732631281242,0.0606150395284599,-0.02,0.0031298930089276,0.0999999999999996,-0.0076748902741261,-0.09768033333919934
-0.132083355959244,0.0049005978782173,0.02615896848926,-0.06,0.0038233269232099,0.0999999999999996,0.0030309080971422,0.04574236287902966
0.0547199733504171,0.0142151268602201,-0.0048248260142687,0.04,0.0023613057911546,-0.3,-0.0023066840979524,-0.01298157563914959
-0.0935504047280911,-0.0227717788706524,0.0088398046131956,0.0,0.0027721114340346,0.100000000000001,0.0047438660077814,0.046797139095169804
-0.131008027389617,-0.0778263869126561,0.0307197439177402,0.03,-0.0005038276433131,-0.100000000000001,0.0016252040777651,0.029486165654459384
0.0896225188148985,-0.0025157245972471,0.0132121615509559,0.0,0.0018475140801852,0.100000000000001,-0.0010821629938995,-0.05644651803141976
0.0086671606686779,0.0029724498849308,-0.0091300398694542,-0.01,0.0026197751847689,0.0999999999999996,-0.00102858304286,-0.09207034407757941
0.0867251037065753,-0.0636256958802115,-0.0068221558288366,0.04,0.0023399476837555,-0.0999999999999996,0.0008503035609379,0.20652685478265997
-0.183349441737386,0.0082384764490386,0.010199693347098,0.12,0.0011782533036424,-0.2,-0.0041845015452803,-0.14128633291426063
0.215834643756498,0.0040939250436221,0.037015573142007,0.06,0.0025213409056821,0.0,0.0061448409868143,0.09371401027150039
-0.119297447341474,-0.0093360839089939,0.0126014826164251,0.0,0.0040349254236584,0.0,-0.0017344566109605,-0.05078896555446999
0.0081610387858344,0.0102969295269958,0.0237968419575667,0.01,0.0015913904232975,-0.100000000000001,-0.003216798688939,0.06585068508387959
-0.0988959130780551,-0.0119154457013092,0.0068650595654054,0.22,-0.0004673107988741,-0.199999999999999,0.0066312327026709,-0.06585068508387959
0.115057330282685,0.0233741530793827,0.0056745036193337,0.0600000000000001,0.0012333918811604,0.0,0.0098621228191095,-0.03767568883088046
-0.0863190666199696,0.022685578607427,0.0151601545659696,0.09,-0.000774277635636,0.0,0.0008441833028367,0.009552829918990646
-0.0186467606689233,-0.0092467343637733,0.0160025281206124,0.09,0.0006514164440556,-0.100000000000001,0.0017540205780282,0.07651278293189989
0.102086430501574,0.0144155018982111,0.0082282091612588,0.0900000000000001,0.0003275963060049,0.0,-0.00172605983491,-0.03503413283845003
-0.0017997133888187,-0.00339140143152,0.0008634875656676,-0.0600000000000001,0.0038412391487883,0.100000000000001,-0.0045438791964596,-0.0397515339473804
0.0065926262306979,0.0295168241121437,0.0147990399582589,0.02,0.0050933965261075,-0.100000000000001,0.0009535235721882,0.018803972857610596
-0.0016650220030873,-0.0103987072208986,0.0254120735304024,0.04,0.0007747520471248,-0.0999999999999996,0.0125206417975798,0.06236639239288966
0.0588639583131014,0.0011355465090906,0.0142160313274564,0.16,0.0026644546143197,0.0,0.0018381731031009,0.012648389967160334
-0.0719249965544466,0.0140492900993943,0.0269056445255522,0.0900000000000001,0.0021046728661735,-0.100000000000001,0.0015971274848354,-0.07840749129713043
0.0741562084370155,0.0308530421866358,0.0460135365139402,0.0899999999999999,0.0037780883851992,-0.0999999999999996,-0.0004222306468006,0.10016437125222044
-0.119160024811825,0.0098615159448109,-0.0308088484040931,0.16,0.0027941613820878,0.0999999999999996,0.0035636264528342,-0.01705467693366014
0.0313499675245161,0.0010738448252445,-0.0008838872380376,0.13,0.0005691154816744,-0.0999999999999996,0.0056053205489048,0.034578934918109816
0.0465930592301547,0.0073427526486348,-0.0183486590506243,0.0600000000000001,0.0022612355976194,0.0,0.0112342434492296,-0.02912083169939006
0.0001783593155311,-0.0442193350581176,0.017874958664656,0.1,0.0025273257950155,-0.2,-0.0093294995741439,0.054476403321079836
-0.0853893982970861,-0.0131521848028825,0.0193780074557708,0.0399999999999998,0.0013508749865112,0.2,0.0075567514283916,-0.12452515309113021
0.0754194127265588,-0.0099789155854626,0.0141639248991217,0.0600000000000001,0.0008160162541486,-0.2,0.0020124858274774,0.0
-0.0868125146482743,-0.0218134609179356,0.0227136914158228,0.0699999999999998,0.0016935949598604,0.0,0.0069486262468521,0.07237884791168003
0.0733943792437604,0.0144930073025668,0.0151687482299119,0.1,0.0019444913545267,-0.0999999999999996,-0.0001315115624072,-0.03312605725914963
-0.0240089347457522,-0.0041414278074536,-0.0408148143518803,0.12,0.0024668346169463,0.0999999999999996,-0.0011420937671777,-0.021889807952740092
-0.224180235772044,-0.0086446972434784,-0.0225943545091747,0.0800000000000001,-0.0008110477004317,0.0,-0.000839391245484,-0.03588203046701999
0.076830630692247,-0.0184639887889154,-0.058960017652594,0.04,-0.0004196291490057,0.1,-0.0008786057199179,-0.07770898432732043
0.176845002032777,0.0185415051642886,0.0154910628661415,0.0,-0.0003207787426449,0.1,-0.0057990655780999,0.12337902116050081
0.0303023258624959,0.0088745421737371,0.0550169036157326,0.02,0.0026305134777588,-0.2,-0.0043933591009963,-0.08730657994380042
-0.0105724910528506,0.0115343294574699,0.0176732118625367,0.0099999999999997,0.0044855497274811,0.0,0.0008195777446129,0.060989271626429975
0.0370651102069202,-0.0105360571534122,0.0349803875881625,-0.02,0.0034940636525968,-0.2,-0.0050408665479535,0.06453852113757019
-0.142277407275984,-0.0134448015029416,-0.0170499623008231,-0.0299999999999998,0.0006346868307902,0.0,0.001883311397596,0.02163917510347968
-0.0583408088786701,-0.014101291240606,0.0123450621570891,-0.18,0.0001409868297139,0.0,0.0001676671460151,-0.057428282955060084
0.15499157090815,-0.0170277825165164,0.0359994566780824,-0.0699999999999998,0.0021085128718665,0.1,-0.0038243354520153,-0.002432104968619342
-0.0933408475928124,-0.0244518904227096,-0.0334664843700292,-0.15,0.0010896757242804,0.0,0.0068977962517129,0.1061718747287097
0.0836012153525205,0.0170414658548518,0.0287995739363076,-0.0600000000000001,0.001626444705475,-0.2,-0.0032079822107373,-0.05475683450572966
-0.092231689388802,0.0230170794174386,-0.0015033963474886,-0.24,0.002759288072375,0.1,-0.0078441753480769,0.023620145719939423
0.109265072382529,0.017775809658641,0.0418370349270623,-0.11,0.0018753900424304,0.0,0.0031430988120302,0.011231866486860476
-0.0065692994459127,0.0173127857467197,0.0228771528548553,0.0,0.0018409038414617,0.0,-0.003283611250314,0.13557695354234944
-0.0889749605216164,-0.0025205283537078,0.0314358296706168,-0.02,0.0016210625569668,-0.1,-0.0045325198172028,0.019955602667439898
-0.0891577653141074,-0.0094510673138454,-0.0002715273122824,0.0,0.0012555802526081,0.0,0.0039486413338361,0.0012738855225906676
-0.418886374107655,-0.0461340791552461,-0.211561843625784,-1.23,-0.0032561729712874,0.9,-0.0383775996977445,-0.21269545880298057
-0.019871029016179,0.0041147341124599,0.0404866934962103,-0.15,-0.0080543508073232,10.3,-0.141518280277611,-0.3030222304464196
1.11374605022489,-0.0095462257191562,0.05550565699407,-0.01,-0.0005858940324392,-1.5,0.0160604992740971,0.11754609690394968
-0.251917214407138,0.0178051027957189,0.0614507377593023,0.03,0.004961416051918,-2.2,0.0608632682867354,0.1846884218042204
-0.232941017438844,0.0141137769402871,0.0326250205380791,-0.03,0.0051419378066004,-0.800000000000001,0.0373484152209125,0.17388046209457997
-0.0215043006104985,0.0342085669776887,0.0558049898689887,-0.03,0.004002915850803,-1.8,0.0091283506248167,-0.09292891131568037
-0.105404361696207,-0.0150251964233609,-0.0077517358873393,0.01,0.0023471931048613,-0.5,-0.0004807782456168,0.05994039325740985
0.0603252676059194,0.0025456101994337,0.0156778787483169,-0.01,0.0006224281815114,-1.0,0.0078166830603327,0.04614660263578063
0.0441623548277112,0.016655591685286,0.0374026941125791,-0.01,0.0014163085083369,-0.2,0.0030245976385572,0.007163820933639542
0.100123698949525,0.0177235038834428,0.0404013920740542,0.0,0.0032281253800539,0.0,0.0104448283643928,0.06894960860001031
-0.0377947874092763,0.0152911566663105,0.0262905277863528,-0.01,0.0024285758952231,-0.3,0.0114133532104779,-0.030128316291830437
0.0263007862412854,0.0164319532607439,0.0233638079119736,-0.04,0.0043611855723524,-0.2,-0.0311185510277889,-0.11357840437434952
-0.0727437911822473,-0.000288496215488,0.0069490165363621,-0.01,0.0063667238799647,-0.2,0.0270564962273783,0.17940355063823965
-0.0640624938543413,-0.0012992639333138,0.0573129711061391,-0.01,0.0063901826272294,0.0,0.0016423543019952,-0.1282850967092095
0.0642260361751283,0.0171152446698809,0.0064195439396339,0.0,0.00699389766487,-0.2,0.0075844251313048,0.0643308583811395
0.0366272648683958,-0.004197949884046,0.016806758418527,0.02,0.0087331943570649,0.100000000000001,0.0041386101434177,0.036100585817029796
-0.0755875744669527,-0.015593317067688,0.0291155392288331,0.01,0.0045255527500582,-0.5,0.0067650123940366,-0.056239718322869336
-0.083350311336746,-0.0007969571151757,0.0205271033870194,0.0,0.0033304265703053,-0.2,-0.000351000006578,0.0019053673595399445
0.124183349133342,-0.0047223016304507,-0.0019483699525757,-0.01,0.0041000886955471,-0.5,-0.009838294922698,-0.010845401360040086
0.0723004960370561,-0.0022600527244739,0.0034065997856682,0.01,0.0086274418401703,-0.100000000000001,0.0150134523205825,0.00256246136369942
-0.157577242116009,-0.0175236408738739,0.0452920827486381,0.0,0.0069679663097925,-0.399999999999999,0.0059098780516775,0.08754439763014066
-0.0697017734009533,-0.0119556082953291,0.0015799347335434,0.01,0.0057352703526598,-0.3,-0.0019860628745949,0.03569751514597019
0.247572074092849,0.0187659092488601,-0.0218312217072025,0.09,0.0064299521073616,0.1,0.0037988380431244,-0.05942342047080018
-0.0524773416298112,-0.0011072154664998,-0.0306001810505485,0.18,0.0079454239211358,-0.2,0.0073418467392194,0.06450100542785986
0.072502161364719,-0.027858623549415,-0.0101300818123402,0.11,0.0123311989359252,-0.2,0.0070027232643132,-0.03493054810673968
-0.232818867215047,-0.0180074595016068,6.83171326798515e-06,0.32,0.0033138408210939,0.0,0.0065447223855974,0.05056459071906971
0.137503996700617,-0.0390258817514096,-0.0832915138986223,0.22,0.0096908902523669,0.0,-0.0008814819826206,-0.1445935403673504
-0.0264086556694005,-0.0095323445763238,-0.0356265107967264,0.51,0.0131357950956676,0.0,0.0001209020445429,0.02341138243432006
