,CO2_MaunaLoa,TCC,PR,AT,SST,SIE,SIT,Albedo
1980m1,338.13,52.02279447,1.692835331,5.533797903,0.274031008,6.633207144,1.946782326,0.297447608
1980m2,337.85,52.37555723,1.664269785,5.679064598,0.194426357,6.860845109,1.916084035,0.296210027
1980m3,338.51,52.75791241,1.690050999,5.285631624,0.199,6.788485903,1.922506256,0.297560408
1980m4,338.31,51.42197705,1.649688018,4.950228588,0.129547619,6.899257346,1.917091177,0.290177032
1980m5,338.4,49.71588795,1.635967376,5.592765533,0.079642857,6.657839078,1.990266196,0.289055604
1980m6,338.85,50.54547258,1.639778566,5.70412529,0.066285714,6.667691454,2.112642063,0.29262534
1980m7,338.56,48.59187831,1.672085074,5.576770355,0.036404762,6.99750873,2.155048284,0.291424146
1980m8,339.07,50.51549914,1.727081986,5.304871913,-0.006238095,7.181702279,2.151929237,0.290289303
1980m9,339.38,48.96070443,1.680676108,4.481310455,-1.11022E-16,7.67,2.079233333,0.289094545
1980m10,339.4,49.4391058,1.66808476,4.940255373,-0.058238095,7.28131211,2.07797148,0.289377758
1980m11,339.46,49.97276451,1.820563472,4.191654818,-0.022761905,6.927901587,1.987269841,0.289286211
1980m12,339.26,51.29091021,1.727349128,4.612499586,0.050238095,6.916640904,1.89110128,0.290298151
1981m1,339.42,52.40427946,1.637980209,6.066065833,0.063031008,6.683207144,1.8298791,0.288375674
1981m2,339.97,51.89469306,1.685763669,5.915474378,0.070426357,6.500845109,1.81604832,0.284734827
1981m3,340.09,49.54884186,1.738589312,5.949132066,0.157,6.378485903,1.808377224,0.285959632
1981m4,340,52.51892065,1.692556659,5.745004579,0.134547619,6.479257346,1.799157844,0.286874311
1981m5,339.98,51.18028587,1.682973172,5.464377508,0.117642857,6.667839078,1.842104906,0.289746099
1981m6,340.05,50.06571993,1.764836519,5.892815736,0.123285714,6.897691454,1.870342063,0.290781054
1981m7,339.92,51.18421646,1.710416758,5.539917665,0.043404762,7.16750873,1.843274091,0.289205333
1981m8,339.87,50.62697505,1.731842485,5.810510223,-0.036238095,7.041702279,1.789993753,0.289298975
1981m9,340.16,49.55593372,1.693654215,5.130815278,0.053,7.14,1.719533333,0.286831632
1981m10,340.39,49.20422935,1.687209036,5.09990086,0.094761905,6.96131211,1.742068254,0.289300168
1981m11,340.74,49.62108572,1.723934366,5.505547233,0.086238095,6.477901587,1.741103174,0.288850752
1981m12,340.85,49.76661502,1.669300187,5.706361786,0.135238095,6.666640904,1.643359345,0.294225166
1982m1,341.09,50.65940198,1.776061342,4.158078243,0.139031008,6.953207144,1.611750068,0.299354148
1982m2,341.15,51.4614275,1.708629091,5.031422248,0.157426357,6.870845109,1.610441178,0.298397002
1982m3,341.18,50.93005682,1.681332389,4.594315064,0.18,6.788485903,1.616119159,0.296029713
1982m4,341.34,51.14712853,1.710454276,4.369784108,0.100547619,6.939257346,1.621057844,0.295608001
1982m5,341.68,49.54705236,1.681707881,4.833036245,0.123642857,6.837839078,1.627072648,0.298191595
1982m6,341.42,49.93364809,1.554878372,5.226081335,0.013285714,6.947691454,1.71670873,0.303660548
1982m7,341.61,50.17220291,1.673809438,5.345299885,-0.107595238,7.26750873,1.733499897,0.301315196
1982m8,341.64,49.1059571,1.654939597,5.253468873,-0.156238095,7.341702279,1.725509882,0.297543004
1982m9,341.56,49.68330281,1.684887314,4.876367755,-0.1,7.3,1.712766667,0.288696748
1982m10,341.77,49.75553871,1.723261839,4.322665546,0.028761905,7.52131211,1.725165028,0.302111215
1982m11,341.58,48.92750407,1.758789486,4.486843014,0.099238095,7.177901587,1.770469841,0.290056047
1982m12,341.7,49.54615292,1.784164965,5.164768076,0.106238095,6.966640904,1.745617409,0.283583754
1983m1,341.75,50.45788953,1.691801845,4.847050493,0.209031008,6.713207144,1.737588777,0.283589402
1983m2,342.24,49.83068101,1.730506103,4.544506138,0.124426357,6.910845109,1.714726892,0.28635801
1983m3,341.86,50.66167782,1.70224353,6.088070758,0.15,6.838485903,1.71628045,0.282366656
1983m4,342.78,49.40922657,1.767691882,4.258027151,0.066547619,6.639257346,1.766691177,0.285854068
1983m5,342.97,50.46630634,1.692309939,5.044151793,0.150642857,6.357839078,1.876782325,0.294408094
1983m6,343.29,52.0339492,1.713368393,5.248687148,0.110285714,6.767691454,1.935642063,0.294233403
1983m7,343.56,50.86618814,1.682368621,5.566296495,0.019404762,7.46750873,1.943725704,0.294723101
1983m8,343.89,49.92694127,1.593617417,5.670327753,-0.019238095,7.391702279,1.921413108,0.295318554
1983m9,343.59,48.18000839,1.694462331,4.747938075,0.072,7.39,1.939066667,0.29177135
1983m10,343.86,48.76449226,1.677064156,4.089831874,0.026761905,7.43131211,1.928939222,0.299054013
1983m11,343.92,48.60835066,1.79722799,4.971271143,0.061238095,7.007901587,1.885369841,0.288793988
1983m12,344.12,49.43291425,1.651119251,5.124686426,0.108238095,6.626640904,1.845907732,0.290553153
1984m1,344.32,50.55861288,1.632497272,5.784135773,0.072031008,6.243207144,1.832169423,0.285011948
1984m2,344.38,50.3954825,1.681558904,5.049933678,0.073426357,6.200845109,1.811834035,0.285772783
1984m3,344.26,48.76846596,1.594210691,4.329482054,0.128,6.328485903,1.771764321,0.286718619
1984m4,344.54,49.47328887,1.660795553,4.329589264,0.056547619,6.479257346,1.780124511,0.287239144
1984m5,344.59,50.31896357,1.638864995,5.324170312,0.050642857,6.447839078,1.822137164,0.28372227
1984m6,344.72,51.00511706,1.675548044,5.669990568,-0.118714286,6.617691454,1.918875397,0.293045205
1984m7,345.02,49.24544067,1.563849003,5.693902285,-0.026595238,6.87750873,1.948499897,0.291907066
1984m8,345.11,49.67218648,1.582308364,5.358492893,-0.093238095,6.971702279,1.980767947,0.290145738
1984m9,344.75,49.7246814,1.537694784,5.24109435,-0.038,6.81,1.961466667,0.28068754
1984m10,345.19,49.33405076,1.689269565,5.068609166,-0.124238095,6.66131211,2.001261803,0.290478836
1984m11,345.4,48.54415481,1.678998757,4.662833508,-0.102761905,6.387901587,1.925003174,0.290988617
1984m12,345.88,50.04094327,1.605346553,4.576448296,-0.100761905,6.316640904,1.880488377,0.289247646
1985m1,345.59,48.58425129,1.607919039,5.556276793,-0.070968992,6.493207144,1.849266197,0.293971374
1985m2,345.91,50.73686411,1.730374099,4.280140678,-0.054573643,6.370845109,1.822155463,0.293101895
1985m3,346.57,49.54576611,1.623077401,4.040601824,-0.078,6.638485903,1.82228045,0.288672075
1985m4,346.1,49.79457552,1.654897291,4.444246099,-0.134452381,6.829257346,1.795524511,0.29044802
1985m5,346.13,49.27208648,1.606170208,4.997664348,-0.090357143,6.937839078,1.805524261,0.296824355
1985m6,346.22,49.44607847,1.63982364,5.600963955,-0.071714286,6.687691454,1.920742063,0.287908628
1985m7,346.08,47.44957402,1.528903404,5.372527675,-0.157595238,6.63750873,2.000919252,0.286051005
1985m8,346.57,47.56988397,1.64178343,5.269529603,-0.161238095,6.601702279,2.067735689,0.288276444
1985m9,346.58,48.88103194,1.617443657,4.821577029,-0.045,6.7,2.0169,0.286390849
1985m10,346.6,49.14841512,1.709172977,3.967213748,-0.062238095,6.65131211,2.004906964,0.287761808
1985m11,346.82,50.4720099,1.740305905,4.851022924,0.001238095,6.567901587,1.929903174,0.294767263
1985m12,347.04,48.26962408,1.624815321,5.862045756,-0.015761905,6.376640904,1.891165796,0.290802566
1986m1,346.81,49.29791101,1.651328569,4.540126983,-0.032968992,6.663207144,1.819233939,0.285404406
1986m2,346.97,50.22619505,1.675177708,4.982094678,0.001426357,6.680845109,1.824834035,0.290321112
1986m3,346.94,49.68062767,1.675376176,4.244339664,0.004,6.658485903,1.827215934,0.284167938
1986m4,347.32,48.91992786,1.697604952,4.394099434,0.035547619,6.529257346,1.843891177,0.28683074
1986m5,347.42,49.70867858,1.611199188,5.390675283,0.053642857,6.247839078,1.901621035,0.294119702
1986m6,347.6,49.75824286,1.591056737,5.482229501,0.012285714,6.447691454,1.995742063,0.300204989
1986m7,347.43,49.91051086,1.619239705,5.309318095,-0.084595238,7.04750873,1.990628929,0.297566577
1986m8,347.51,49.26150117,1.59533986,5.255918753,-0.095238095,7.181702279,2.013864721,0.299526149
1986m9,348.61,49.63614043,1.634481649,4.48844053,-0.048,7.41,2.0356,0.301532312
1986m10,348.04,49.16188851,1.636919278,4.324058352,-0.049238095,7.58131211,2.023487609,0.30146255
1986m11,348.28,49.37980501,1.680392831,4.759701932,-0.010761905,6.997901587,1.972036508,0.289255078
1986m12,348.36,48.44668932,1.697110879,5.158652836,0.032238095,6.546640904,1.951327087,0.28827011
1987m1,348.66,50.13366409,1.741125734,4.820958613,-0.011968992,6.743207144,1.91004039,0.29331949
1987m2,348.23,48.64662461,1.677595607,4.124426398,0.010426357,6.950845109,1.858476892,0.28977077
1987m3,348.39,49.50374537,1.693740632,3.880650414,0.089,6.568485903,1.876828837,0.287565242
1987m4,348.86,49.09081408,1.636761423,5.043431409,0.019547619,6.679257346,1.879057844,0.288814672
1987m5,349.09,49.20906674,1.579228805,5.053715225,0.115642857,6.607839078,1.952621035,0.295641651
1987m6,349.28,48.04928806,1.6381559,5.467602878,0.088285714,6.957691454,2.018175397,0.30238793
1987m7,349.51,50.72771644,1.677498131,5.434239605,0.069404762,7.22750873,2.005048284,0.295094456
1987m8,349.65,49.12181586,1.709096422,5.273529003,0.176761905,6.831702279,1.977767947,0.298016684
1987m9,349.85,47.36040275,1.632990985,3.877245419,0.178,7.28,1.968933333,0.308709785
1987m10,349.96,48.60723575,1.638210326,3.880410797,0.171761905,7.15131211,2.001584383,0.29985753
1987m11,350.14,49.4151383,1.643747791,3.584058715,0.296238095,6.767901587,1.989769841,0.288612684
1987m12,350.14,48.95560977,1.654132773,4.786077776,0.251238095,6.516256284,1.892746441,0.2880028
1988m1,350.49,50.3436608,1.660594505,5.046187833,0.319031008,6.568613124,1.847750068,0.283811178
1988m2,351,49.57177627,1.607499019,5.161247338,0.268426357,6.480845109,1.841226892,0.28977382
1988m3,350.99,49.94578281,1.687868128,4.643307054,0.293,6.708485903,1.822828837,0.294425415
1988m4,351.03,49.10516099,1.634584991,4.733306119,0.239547619,6.589257346,1.780791177,0.290300775
1988m5,351.22,46.00686502,1.6792771,5.81830272,0.179642857,6.427839078,1.860846842,0.287015694
1988m6,351.55,49.77798338,1.63232525,5.834666183,0.177285714,6.407691454,1.932142063,0.291746933
1988m7,352.15,48.2180029,1.642207064,5.912847265,0.204404762,6.70750873,2.003177317,0.295865149
1988m8,352.01,48.33938987,1.623144979,5.543875553,0.102761905,7.091702279,2.000606657,0.297947345
1988m9,352.18,49.46737392,1.679877657,5.158528397,0.019,7.37,1.9227,0.298477917
1988m10,352.62,48.16363572,1.634098929,4.362631334,0.029761905,7.23131211,1.929906964,0.291675799
1988m11,352.53,48.16591075,1.71406315,4.517688652,-0.031761905,6.877901587,1.907703174,0.291664555
1988m12,352.52,51.29756489,1.631025882,5.475186546,-0.020761905,6.956640904,1.82693999,0.287596348
1989m1,352.99,48.54394656,1.639744536,3.766781333,0.009031008,6.723207144,1.785104906,0.285746123
1989m2,352.69,50.99916166,1.629205395,6.029249138,0.079426357,6.400845109,1.783619749,0.282287408
1989m3,352.6,48.64591659,1.624423183,5.346745594,0.076,6.168485903,1.804506256,0.285314625
1989m4,353.07,47.9982543,1.58830682,5.199397619,0.168547619,5.799257346,1.856924511,0.284491906
1989m5,352.78,50.17161679,1.603304787,5.781252706,0.160642857,5.907839078,1.906104906,0.290032504
1989m6,353.06,51.68774487,1.639231238,5.722470087,0.152285714,6.707691454,1.932442063,0.29790736
1989m7,353.38,49.59505402,1.596391039,5.688711885,0.205404762,7.02750873,1.934919252,0.301265242
1989m8,353.43,49.59564097,1.579109544,5.780659493,0.183761905,7.081702279,1.976090528,0.296850593
1989m9,353.37,50.17597588,1.648390213,5.536322765,0.132,7.01,1.9823,0.284829198
1989m10,353.57,49.06057712,1.593664285,4.631907657,0.085761905,6.93131211,1.929487609,0.294304618
1989m11,353.68,48.34697614,1.668409574,3.838459485,0.144238095,6.667901587,1.913169841,0.288628121
1989m12,353.84,48.45122545,1.669519121,5.413883966,0.129238095,6.716640904,1.847036764,0.285301029
1990m1,353.78,49.5238018,1.593447047,6.273690803,0.230031008,6.553207144,1.8168791,0.28174176
1990m2,354.37,50.07078494,1.764192517,5.730004468,0.298426357,6.480845109,1.802441178,0.282145838
1990m3,354.27,50.98932971,1.662674953,6.719719586,0.402,6.618485903,1.752635288,0.275658056
1990m4,353.76,51.31724048,1.694205082,6.417508178,0.360547619,6.119257346,1.794357844,0.273513873
1990m5,354.23,51.44533789,1.624496029,6.716398145,0.294642857,6.097839078,1.82720168,0.275206088
1990m6,354.02,46.69947248,1.584298848,6.155190609,0.245285714,6.107691454,1.88940873,0.286990187
1990m7,354.24,49.58499011,1.624320482,5.790995425,0.249404762,6.14750873,1.897403123,0.290856814
1990m8,354.68,47.49696705,1.576419256,5.880228693,0.241761905,6.001702279,2.066671173,0.293772457
1990m9,354.69,48.23560333,1.624224084,5.43723503,0.298,6.14,2.064466667,0.28757866
1990m10,354.94,48.27314506,1.642012642,4.17539671,0.366761905,6.58131211,1.918326319,0.290078771
1990m11,355.18,49.91199765,1.74276244,4.165860002,0.368238095,6.627901587,1.892869841,0.290587855
1990m12,355.26,49.46915375,1.740929293,4.336925936,0.359238095,6.436640904,1.862036764,0.288096431
1991m1,354.9,50.66189072,1.651859798,5.764888733,0.404031008,6.133207144,1.868556519,0.286183514
1991m2,355.11,48.42832885,1.697705072,4.759066028,0.358426357,6.150845109,1.840226892,0.281994279
1991m3,355.79,49.06315452,1.734758019,5.075799564,0.329,6.168485903,1.841409482,0.283545602
1991m4,356.13,49.07009703,1.666017702,4.694658791,0.375547619,6.329257346,1.820757844,0.283044934
1991m5,356.1,51.03199834,1.694096804,6.159743569,0.261642857,6.337839078,1.879169422,0.286772872
1991m6,355.88,49.10851144,1.709234458,6.044248579,0.248285714,6.577691454,1.863242063,0.291163954
1991m7,355.69,49.38777855,1.611841089,5.990862555,0.242404762,6.40750873,1.888854736,0.291011479
1991m8,355.6,49.94448133,1.622026212,5.901322243,0.192761905,6.621702279,1.961445366,0.289339996
1991m9,355.66,48.44289534,1.631561494,5.843542862,0.104,6.47,1.9512,0.272206393
1991m10,355.69,48.97465792,1.749456302,4.837241375,0.124761905,6.64131211,1.857165028,0.289361176
1991m11,355.87,48.56497005,1.651114017,4.939550919,0.136238095,6.427901587,1.856469841,0.284044231
1991m12,356.02,49.40480653,1.683643396,5.026498986,0.186238095,6.276640904,1.834585151,0.284435223
1992m1,356.29,48.73492339,1.713157287,5.201354083,0.213031008,6.413207144,1.777653293,0.281120895
1992m2,356.47,48.66347577,1.755032826,5.359048168,0.284426357,6.360845109,1.754405463,0.284858424
1992m3,356.38,49.49625191,1.690514618,6.310003653,0.273,6.228485903,1.766732063,0.285403496
1992m4,356.51,47.90729445,1.700991945,4.998062832,0.212547619,6.149257346,1.786957844,0.289298456
1992m5,356.52,52.31232571,1.638092296,5.020049417,0.208642857,6.087839078,1.856943616,0.290801768
1992m6,357.07,50.74372654,1.693976893,5.159864882,0.207285714,6.617691454,1.900442063,0.299534504
1992m7,356.58,49.87316079,1.643469842,5.083204535,0.010404762,7.21750873,1.845532155,0.29391892
1992m8,356.67,49.10146995,1.607291959,4.944320128,-0.078238095,7.131702279,1.957767947,0.294098338
1992m9,356.36,47.7245316,1.668599484,4.440488882,-0.075,7.47,2.017466667,0.293490903
1992m10,356.72,48.22744613,1.551912836,3.982324122,-0.011238095,7.42131211,1.954165028,0.304242634
1992m11,356.48,46.44235518,1.724871263,4.49239533,-0.020761905,6.927901587,1.933769841,0.288852324
1992m12,356.5,48.72012773,1.729506242,5.089731776,0.090238095,6.736640904,1.892843216,0.287888792
1993m1,357.06,48.63398235,1.733927661,4.811200823,0.255031008,6.673207144,1.840362971,0.290479167
1993m2,356.54,50.1070776,1.689741111,5.785597548,0.223426357,6.590845109,1.781405463,0.28522846
1993m3,356.88,47.56617806,1.695412637,4.226264684,0.173,6.558485903,1.758764321,0.287150849
1993m4,356.71,48.3662657,1.622660804,5.281174816,0.184547619,6.549257346,1.794324511,0.285251898
1993m5,357.14,48.77250614,1.636560694,5.713500204,0.194642857,6.237839078,1.838266196,0.288649297
1993m6,357.24,49.55577341,1.68353541,5.636612526,0.163285714,6.337691454,1.80100873,0.28394056
1993m7,356.87,51.67916063,1.745520399,5.473458615,0.052404762,6.37750873,1.7391128,0.283574853
1993m8,357.44,48.05852638,1.69437708,5.245017573,-0.016238095,6.531702279,1.801090528,0.288855769
1993m9,357.51,48.3053771,1.69903506,4.860960471,-0.009,6.4,1.796266667,0.289807053
1993m10,357.61,48.92129621,1.648856951,4.498563106,0.020761905,6.89131211,1.723294061,0.297842045
1993m11,357.65,50.43482784,1.72529208,4.272061965,0.110238095,6.867901587,1.734603174,0.293759805
1993m12,357.92,47.03440993,1.710852326,3.971545346,0.137238095,6.646640904,1.75726257,0.288804637
1994m1,358.25,47.23272259,1.690756225,4.646085693,0.205031008,6.503207144,1.747782326,0.287546125
1994m2,358.21,50.01443489,1.655328117,4.733206288,0.266426357,6.460845109,1.760119749,0.289246396
1994m3,358.41,48.85918988,1.704994496,4.578963904,0.271,6.298485903,1.754409482,0.288799293
1994m4,358.59,47.91473672,1.643764051,5.279922642,0.296547619,6.359257346,1.779957844,0.288516615
1994m5,358.59,49.67329636,1.730047346,5.405112784,0.241642857,6.487839078,1.810330712,0.288320603
1994m6,358.57,49.28954434,1.613110836,5.791432744,0.192285714,6.487691454,1.87520873,0.291390172
1994m7,358.91,49.75704941,1.568370815,5.839260625,0.181404762,6.82750873,1.866274091,0.287172348
1994m8,359.29,51.11092757,1.557336765,5.644464153,0.223761905,6.841702279,1.886477624,0.292066446
1994m9,359.31,47.96855073,1.727204889,5.002780234,0.251,7.14,1.8796,0.296403471
1994m10,359.63,49.19256577,1.723810313,5.595789609,0.313761905,7.02131211,1.846616641,0.289902614
1994m11,359.8,48.64443877,1.780705398,4.656422022,0.314238095,6.667901587,1.837903174,0.286926
1994m12,359.96,47.80685343,1.824805363,4.697636486,0.339238095,6.596640904,1.807165796,0.288963459
1995m1,359.91,47.9357971,1.766066613,5.660421633,0.315031008,6.363207144,1.765975874,0.284887256
1995m2,360.18,47.82130702,1.675414961,6.880699948,0.345426357,6.130845109,1.725191178,0.279893967
1995m3,360.37,48.32216102,1.715155319,5.007624664,0.345,6.008485903,1.726473998,0.281616361
1995m4,360.76,50.03231196,1.640451089,7.075705788,0.314547619,5.919257346,1.698224511,0.278791289
1995m5,360.72,51.03282448,1.70594635,6.02561549,0.212642857,5.837839078,1.723362971,0.281010533
1995m6,360.98,51.28040403,1.716071381,5.796425385,0.318285714,5.907691454,1.723275397,0.283272558
1995m7,361.1,50.68470482,1.636264802,5.630208045,0.322404762,5.88750873,1.698338607,0.285855852
1995m8,360.93,49.26238934,1.663704063,5.799449843,0.370761905,5.941702279,1.697703431,0.288355203
1995m9,361.7,47.99123243,1.656685954,5.853030481,0.234,6.08,1.706833333,0.293746568
1995m10,361.52,48.6690795,1.592600922,5.913763393,0.254761905,5.93131211,1.64081019,0.280062346
1995m11,361.75,50.0091568,1.662853999,5.849523917,0.282238095,6.307901587,1.599969841,0.285446699
1995m12,361.67,48.51725642,1.668874198,4.362756476,0.334238095,6.246640904,1.606843216,0.284561919
1996m1,361.98,48.68364815,1.636695747,4.574901293,0.270031008,5.953207144,1.632588777,0.282361125
1996m2,362.47,49.40766476,1.67566313,5.199920698,0.246426357,6.050845109,1.634405463,0.286452092
1996m3,362.64,49.20465411,1.63878912,5.137688854,0.22,5.868485903,1.665215934,0.288159738
1996m4,361.99,48.05685691,1.597526836,5.625425312,0.222547619,5.689257346,1.696357844,0.288708209
1996m5,362.23,51.99197843,1.618009609,5.595387991,0.229642857,5.957839078,1.707943616,0.292345468
1996m6,362.82,49.34459985,1.634239445,5.297479615,0.233285714,6.547691454,1.713575397,0.299026218
1996m7,362.98,50.49006502,1.573804488,5.427578225,0.134404762,7.05750873,1.743338607,0.299917744
1996m8,363.13,48.26696103,1.527638595,5.178933439,0.190761905,7.381702279,1.785896979,0.294301683
1996m9,363.14,49.29630542,1.761744299,4.673067272,0.141,7.58,1.787933333,0.29628269
1996m10,363.12,49.33846732,1.621921914,4.306427488,0.116761905,7.26131211,1.857068254,0.300268714
1996m11,363.18,50.77029453,1.586438699,6.978517091,0.094238095,5.947901587,1.907936508,0.287303886
1996m12,363.23,49.30384684,1.619514251,5.124196986,0.171238095,6.186640904,1.784681925,0.286668936
1997m1,363.03,50.44997814,1.725774692,3.984297963,0.256031008,6.193207144,1.741524261,0.290042689
1997m2,363.4,49.17617867,1.679050213,4.855365678,0.350426357,6.340845109,1.722655463,0.288012609
1997m3,363.02,48.85495364,1.572575899,6.898355113,0.351,6.218485903,1.740957869,0.287614933
1997m4,363.82,50.49349996,1.724199224,5.437100847,0.281547619,6.029257346,1.760257844,0.282663393
1997m5,363.87,48.83216743,1.718936136,5.454527725,0.385642857,6.047839078,1.776266196,0.283907372
1997m6,363.56,48.3291096,1.681600026,5.689826495,0.416285714,6.207691454,1.768575397,0.287970561
1997m7,363.74,50.34515415,1.632916421,5.610639275,0.414404762,6.30750873,1.801532155,0.29077544
1997m8,363.98,50.37121203,1.731240933,5.380652853,0.386761905,6.491702279,1.889961495,0.294432239
1997m9,363.83,50.0571264,1.583430867,5.987436973,0.396,6.69,1.8781,0.28974986
1997m10,364.28,50.0520094,1.650404478,6.138640444,0.469761905,6.44131211,1.835842448,0.29051859
1997m11,364.71,49.39786613,1.616765508,5.816610897,0.462238095,6.227901587,1.741503174,0.28302124
1997m12,365.28,49.33902839,1.7490625,5.188809396,0.504238095,6.406640904,1.72026257,0.281573523
1998m1,365.19,49.59730621,1.664521853,5.779371623,0.522031008,6.493207144,1.701459745,0.283714253
1998m2,365.29,49.16520756,1.747590407,4.812358178,0.588426357,6.650845109,1.675869749,0.284239569
1998m3,365.73,51.09467397,1.662463359,5.854874684,0.544,6.348485903,1.686732063,0.286130423
1998m4,366.17,50.57696833,1.664607584,6.230318276,0.537547619,6.359257346,1.696524511,0.289217205
1998m5,366.68,51.85028027,1.661084045,5.502069024,0.500642857,6.457839078,1.6968791,0.293096576
1998m6,366.95,49.42910983,1.702823595,6.090291076,0.485285714,6.177691454,1.74450873,0.288446014
1998m7,367.29,49.17588446,1.629993798,6.285583525,0.519404762,6.31750873,1.717886994,0.286777998
1998m8,367.69,49.16055977,1.715200738,6.226537113,0.539761905,6.711702279,1.62654214,0.283518058
1998m9,367.51,49.95047145,1.677716029,6.034315398,0.345,6.54,1.587566667,0.283478459
1998m10,367.82,49.15810876,1.774732455,5.401403458,0.381761905,6.55131211,1.624681157,0.296098043
1998m11,367.7,46.56839754,1.549739783,6.069683896,0.416238095,5.987901587,1.694069841,0.285369425
1998m12,368.05,49.26122276,1.625011054,5.955574286,0.390238095,6.086640904,1.671617409,0.28320788
1999m1,368.13,48.85116948,1.591414563,5.486224453,0.360031008,6.133207144,1.648104906,0.283637092
1999m2,368.46,50.00052286,1.637606485,6.128915078,0.356426357,6.210845109,1.658334035,0.28371462
1999m3,368.24,48.37012625,1.59354053,5.459161204,0.376,6.148485903,1.64928045,0.288024822
1999m4,368.62,50.39182122,1.676581862,5.730674226,0.338547619,6.549257346,1.618791177,0.291558643
1999m5,368.31,47.18564446,1.648138707,5.450217528,0.306642857,6.617839078,1.613524261,0.291328272
1999m6,368.3,52.14214698,1.662734883,5.494255575,0.246285714,6.247691454,1.686542063,0.290304984
1999m7,368.93,50.43157878,1.574340143,5.820493185,0.210404762,6.38750873,1.7241128,0.287232601
1999m8,368.63,48.35619156,1.635389033,5.818390573,0.201761905,6.431702279,1.559155044,0.292117446
1999m9,368.28,50.34170253,1.63010611,5.826600559,0.224,6.12,1.4866,0.290133041
1999m10,368.8,48.62143114,1.637082935,5.383624163,0.259761905,6.70131211,1.517100512,0.295279042
1999m11,368.86,51.42195959,1.588633676,6.134883381,0.237238095,6.347901587,1.623469841,0.287851283
1999m12,368.93,50.82595793,1.649644491,6.655413646,0.249238095,5.966640904,1.620165796,0.282866332
2000m1,369.24,48.77422195,1.594932248,5.676931773,0.290031008,5.993207144,1.615621035,0.28642647
2000m2,368.99,47.26174569,1.62484121,6.698601748,0.274426357,6.040845109,1.59104832,0.282722397
2000m3,369.24,48.82268031,1.647633778,6.741845089,0.347,5.968485903,1.576344966,0.281694705
2000m4,369.44,50.22281938,1.670041667,6.192718728,0.324547619,6.029257346,1.573191177,0.284546057
2000m5,368.87,49.5398786,1.667736776,5.286515197,0.396642857,6.017839078,1.61620168,0.284976693
2000m6,369.66,51.03198307,1.644026166,5.628223133,0.258285714,6.137691454,1.62500873,0.28128923
2000m7,369.36,49.61096406,1.682289532,5.707123825,0.246404762,6.40750873,1.586338607,0.282903827
2000m8,369.87,49.0294097,1.626433078,5.810272323,0.330761905,6.371702279,1.569122786,0.285993235
2000m9,370.46,51.09875738,1.696266882,5.470696099,0.296,6.25,1.576,0.28069687
2000m10,370.42,50.29401293,1.690398048,5.738687352,0.286761905,6.48131211,1.588552125,0.289518195
2000m11,370.48,48.68052732,1.647633672,5.458932813,0.363238095,5.867901587,1.634436508,0.284871533
2000m12,370.46,49.7672054,1.642062501,5.765954836,0.329238095,5.966640904,1.612972248,0.286789907
2001m1,370.6,49.04947541,1.726250575,6.010186083,0.312031008,5.973207144,1.5928791,0.286196744
2001m2,370.95,49.25837006,1.667834782,5.929176318,0.350426357,6.110845109,1.590334035,0.286467092
2001m3,371.06,48.84038851,1.717071077,5.402320214,0.433,6.268485903,1.57260303,0.290601408
2001m4,370.99,50.1576815,1.598655816,5.175274377,0.395547619,6.329257346,1.571624511,0.290080946
2001m5,371.11,49.59859832,1.679476328,5.171132054,0.383642857,6.377839078,1.561298454,0.286700303
2001m6,371.17,49.80950308,1.611709202,5.577019308,0.392285714,5.927691454,1.627175397,0.285665919
2001m7,371.08,50.46432549,1.663835906,5.927276475,0.412404762,5.96750873,1.726757962,0.284808751
2001m8,371.39,48.27099321,1.61102796,6.137730133,0.434761905,6.661702279,1.718413108,0.287260171
2001m9,371.61,49.64593682,1.617491962,6.039057226,0.416,6.73,1.681766667,0.283686461
2001m10,371.85,50.8076047,1.601745313,6.003254412,0.465761905,6.40131211,1.71281019,0.290604133
2001m11,371.92,50.07720108,1.634517919,6.708260528,0.436238095,6.207901587,1.686469841,0.283491046
2001m12,372.09,50.2108713,1.647171825,6.922355936,0.476238095,5.816640904,1.661681925,0.284330692
2002m1,372.48,48.91573754,1.632456363,6.606718713,0.426031008,6.043207144,1.602137164,0.282597156
2002m2,372.49,47.68647823,1.659227064,5.404848618,0.426426357,6.240845109,1.587941178,0.279342829
2002m3,372.61,50.18141846,1.628119309,7.154859802,0.507,6.098485903,1.558086901,0.281721137
2002m4,372.54,50.59363498,1.658102761,4.987710599,0.506547619,5.769257346,1.601824511,0.284623141
2002m5,372.98,49.01734949,1.608447389,5.943782769,0.472642857,5.837839078,1.615427487,0.288411669
2002m6,373.46,49.00558906,1.603821,5.973017565,0.448285714,6.047691454,1.599542063,0.286264722
2002m7,373.58,50.05763812,1.706477351,6.040175345,0.342404762,6.16750873,1.594725704,0.289805485
2002m8,373.7,50.20657827,1.624773045,6.084890053,0.318761905,5.801702279,1.624606657,0.284771389
2002m9,374.29,50.95927708,1.629897139,6.190349916,0.363,5.83,1.636833333,0.286808127
2002m10,374.06,49.55740178,1.656664928,6.263111845,0.436761905,6.26131211,1.569874706,0.292087704
2002m11,374.52,48.76434766,1.706562936,6.090142215,0.423238095,5.887901587,1.593203174,0.284164606
2002m12,374.72,50.67466334,1.653750602,6.283381286,0.498238095,5.936640904,1.594810958,0.282487715
2003m1,374.82,50.14987803,1.664964402,6.460493733,0.439031008,6.163207144,1.570556519,0.280809451
2003m2,374.95,48.84425604,1.631487514,4.639482038,0.422426357,6.090845109,1.593941178,0.285495773
2003m3,374.99,50.42216192,1.660090369,5.592749944,0.502,6.228485903,1.59660303,0.286004943
2003m4,375.24,51.86176349,1.616916267,6.068499969,0.420547619,5.979257346,1.593091177,0.283397635
2003m5,375.73,51.56430595,1.611647558,6.256962691,0.474642857,5.887839078,1.565395229,0.283111811
2003m6,376.21,49.6995076,1.572090477,5.754285244,0.508285714,6.067691454,1.53440873,0.287674126
2003m7,376.37,49.12348209,1.616010245,6.157440935,0.500404762,6.10750873,1.526306349,0.283666462
2003m8,376.27,50.34752325,1.632980776,6.359575533,0.580761905,6.141702279,1.574735689,0.282873771
2003m9,376.65,50.63548701,1.654053359,6.783753422,0.653,6.12,1.601966667,0.280794137
2003m10,376.65,51.40684815,1.641857854,6.989849273,0.611761905,5.95131211,1.54613277,0.27679969
2003m11,376.99,50.91822989,1.561752646,6.261736938,0.576238095,5.677901587,1.527703174,0.282666816
2003m12,376.93,51.74507802,1.632940313,6.710122876,0.507238095,5.916640904,1.495069022,0.285681438
2004m1,376.96,50.55412745,1.613408131,6.095508773,0.542031008,5.803207144,1.487459745,0.284429598
2004m2,377.19,48.03901307,1.663931245,5.693046078,0.512426357,5.810845109,1.486441178,0.285610838
2004m3,377.4,49.48916355,1.60002606,5.782738214,0.512,5.738485903,1.515538514,0.285905099
2004m4,377.8,49.93202693,1.582790865,6.538970123,0.582547619,5.459257346,1.537624511,0.283880762
2004m5,377.66,49.72566469,1.602106552,6.036660209,0.474642857,5.427839078,1.582556519,0.288961994
2004m6,377.57,51.0316311,1.576065948,5.821841735,0.454285714,5.917691454,1.56290873,0.28905977
2004m7,377.12,49.60730199,1.589806298,6.065367505,0.554404762,6.32750873,1.520499897,0.287658738
2004m8,377.9,51.52369869,1.710749454,5.986023113,0.552761905,6.051702279,1.52105827,0.287617171
2004m9,377.8,50.86487112,1.700559126,5.983985547,0.547,5.98,1.566133333,0.28820473
2004m10,378,51.1112845,1.666237276,5.913023467,0.548761905,6.03131211,1.55197148,0.289130335
2004m11,378.49,51.35199796,1.684013095,5.950951917,0.581238095,5.887901587,1.538303174,0.282000801
2004m12,378.48,51.3251171,1.668165395,5.667207806,0.564238095,5.876640904,1.550552893,0.286607521
2005m1,378.37,52.63040466,1.672435704,7.626428793,0.529031008,5.433207144,1.582556519,0.28379011
2005m2,379.1,51.34365094,1.593297083,6.876776768,0.515426357,5.270845109,1.577869749,0.285714998
2005m3,379.45,50.93953089,1.719001673,6.181461042,0.486,5.438485903,1.572667547,0.288910731
2005m4,379.84,49.60047252,1.655023059,6.058893726,0.548547619,5.559257346,1.559991177,0.284141464
2005m5,379.49,49.55837725,1.661455569,6.688699995,0.606642857,5.777839078,1.541330712,0.276812206
2005m6,380.07,48.09344117,1.645371263,6.37355756,0.625285714,5.627691454,1.476075397,0.286998117
2005m7,380.38,50.29586096,1.688914848,6.200973825,0.622404762,5.54750873,1.519306349,0.291129568
2005m8,380.61,50.8441968,1.746987775,6.096224933,0.603761905,5.501702279,1.519671173,0.286983667
2005m9,380.2,49.87054911,1.602675015,6.610192293,0.605,5.5,1.492766667,0.285914517
2005m10,380.5,51.1012895,1.630617707,7.003749439,0.531761905,5.45131211,1.477294061,0.279102212
2005m11,380.69,50.10873677,1.624374275,7.072943259,0.535238095,5.767901587,1.436203174,0.277846028
2005m12,381.09,49.23027613,1.673705588,6.971288796,0.446238095,5.556640904,1.46426257,0.28063119
2006m1,381.33,50.89883662,1.667299664,7.257458643,0.423031008,5.243207144,1.498750068,0.283642317
2006m2,381.58,51.21903819,1.612341576,6.405338348,0.390426357,5.220845109,1.517012606,0.28290374
2006m3,381.32,48.52394161,1.646768825,6.377764167,0.365,5.168485903,1.513119159,0.285537386
2006m4,382.11,49.58365352,1.679134915,6.949490517,0.453547619,5.379257346,1.522724511,0.287965091
2006m5,382.06,50.26970041,1.625765207,6.930278461,0.423642857,5.387839078,1.507911358,0.279227751
2006m6,381.93,51.56442539,1.587329998,6.248330611,0.474285714,5.387691454,1.477375397,0.276979139
2006m7,382.1,51.40913421,1.748871857,6.260956305,0.493404762,5.35750873,1.469016026,0.284536853
2006m8,382.27,51.31381839,1.65544547,6.031834523,0.580761905,5.701702279,1.440090528,0.29065887
2006m9,382.35,50.58815577,1.604720257,6.920737126,0.589,5.86,1.4433,0.299069844
2006m10,382.66,51.20206076,1.724195476,7.033928943,0.652761905,5.64131211,1.378939222,0.287648604
2006m11,382.52,50.91398126,1.737964864,6.848290542,0.650238095,5.207901587,1.417203174,0.285689338
2006m12,382.84,49.10198261,1.650567324,6.553137026,0.582238095,5.276640904,1.415327087,0.280284439
2007m1,382.88,49.53799957,1.584742536,6.706459153,0.594031008,5.473207144,1.386169423,0.276592984
2007m2,383.22,48.28656202,1.591072723,6.471943938,0.594426357,5.410845109,1.383262606,0.278882508
2007m3,383.17,49.67397546,1.674851883,5.916983724,0.52,5.288485903,1.409796579,0.275322915
2007m4,383.95,49.92597732,1.64026675,7.411012584,0.457547619,5.319257346,1.375991177,0.272409442
2007m5,383.56,48.89742287,1.672090476,5.820659757,0.418642857,5.647839078,1.350395229,0.282336828
2007m6,384.06,48.06484566,1.54072944,6.216171532,0.452285714,5.687691454,1.303175397,0.274068687
2007m7,384.25,49.18910674,1.72546414,6.195350295,0.431404762,4.83750873,1.361661187,0.275237893
2007m8,383.95,51.09480239,1.573342257,6.445773703,0.427761905,4.541702279,1.451929237,0.271434015
2007m9,384.56,50.90667154,1.58905444,6.887678428,0.407,4.27,1.529933333,0.278613684
2007m10,384.72,50.01230935,1.498246069,7.99643399,0.417761905,4.14131211,1.499713415,0.268394579
2007m11,384.9,48.16347452,1.578749428,6.757979135,0.364238095,5.307901587,1.333636508,0.282696732
2007m12,385.07,50.08672817,1.592200764,6.770546396,0.386238095,5.356640904,1.377907732,0.286321016
2008m1,385.54,49.54960892,1.607070512,4.716899333,0.367031008,5.663207144,1.394621035,0.28536961
2008m2,385.2,48.68783848,1.602159541,5.782921828,0.366426357,5.850845109,1.398619749,0.285615277
2008m3,384.72,47.43353443,1.57749873,6.07712456,0.386,5.928485903,1.399344966,0.281925597
2008m4,384.71,49.62498774,1.613704046,6.261647853,0.389547619,5.819257346,1.400491177,0.286215051
2008m5,385.69,49.30732009,1.608174078,6.298673986,0.358642857,5.837839078,1.37020168,0.283390395
2008m6,385.68,50.25448005,1.574915194,6.125061553,0.408285714,5.677691454,1.38140873,0.279779845
2008m7,386.04,48.87341408,1.597327325,6.217826475,0.501404762,5.57750873,1.37779022,0.280302132
2008m8,385.98,49.36297983,1.611629928,6.223458443,0.444761905,5.111702279,1.33438085,0.283449193
2008m9,386.68,50.61870116,1.605959693,6.474171562,0.53,4.69,1.3802,0.286163903
2008m10,386.49,51.14095571,1.644478434,6.727415882,0.470761905,5.45131211,1.43397148,0.276392949
2008m11,386.59,49.47326965,1.558575795,6.841482136,0.420238095,5.887901587,1.379769841,0.281327797
2008m12,386.64,51.4505715,1.635309827,6.378523126,0.388238095,5.686640904,1.428456119,0.279747695
2009m1,386.86,49.88309423,1.588392056,6.964143063,0.398031008,5.683207144,1.414137164,0.286458135
2009m2,386.81,49.36855238,1.532294589,5.809391338,0.380426357,5.710845109,1.438655463,0.285407391
2009m3,387.54,50.50414997,1.579682009,5.506154114,0.37,5.728485903,1.442925611,0.286559131
2009m4,387.15,50.76818212,1.623826232,5.758500344,0.383547619,5.969257346,1.407924511,0.284266637
2009m5,387.24,50.6019607,1.501556713,6.445657047,0.419642857,6.057839078,1.369072648,0.289506499
2009m6,387.46,50.15619409,1.555753533,5.859528154,0.625285714,5.787691454,1.31770873,0.285082295
2009m7,387.77,49.07726264,1.651391824,5.951101845,0.642404762,5.36750873,1.312628929,0.283539724
2009m8,387.99,50.63705755,1.575582949,5.977000343,0.583761905,5.341702279,1.33621956,0.285656395
2009m9,388.22,50.95023736,1.518485235,6.823962477,0.476,5.26,1.364,0.294354966
2009m10,387.88,50.43438513,1.618294107,7.054821713,0.513761905,5.02131211,1.315068254,0.273177534
2009m11,388.36,48.63635788,1.462112772,6.462979035,0.479238095,5.317901587,1.334836508,0.283026833
2009m12,388.44,49.85715805,1.595879221,6.295975726,0.580238095,5.526640904,1.354778699,0.282491307
2010m1,388.62,48.90910099,1.550417778,5.268848373,0.558031008,5.513207144,1.366653293,0.289032305
2010m2,389.47,47.41016806,1.58057433,6.224313408,0.581426357,5.480845109,1.387905463,0.291293144
2010m3,389.85,48.51723767,1.570598409,6.549004419,0.566,5.888485903,1.363764321,0.289639994
2010m4,390.12,50.16915688,1.49772977,7.293818177,0.591547619,6.129257346,1.335024511,0.284773609
2010m5,390.09,50.04418051,1.598752855,6.943317643,0.547642857,5.737839078,1.271975874,0.27390281
2010m6,390.1,49.51575256,1.573668728,6.39388098,0.565285714,5.057691454,1.208175397,0.271723432
2010m7,389.93,50.85367278,1.616137711,6.407352345,0.640404762,4.96750873,1.127435381,0.272596463
2010m8,390.21,50.16869226,1.638222765,6.462298183,0.566761905,5.071702279,1.023284076,0.281649984
2010m9,390.32,49.59356735,1.556772335,6.554188616,0.499,4.87,1.008666667,0.283617405
2010m10,390.72,48.36935033,1.537436632,6.82334601,0.433761905,5.08131211,1.103423093,0.281236757
2010m11,390.99,49.39564922,1.546267114,6.940701557,0.376238095,5.157901587,1.208503174,0.276196963
2010m12,390.8,50.53041036,1.594541601,6.042117216,0.358238095,5.156640904,1.28526257,0.288926478
2011m1,391.19,49.1521125,1.483993341,6.325230753,0.352031008,5.233207144,1.278395229,0.286054096
2011m2,391.12,48.05739798,1.600104877,6.082000128,0.355426357,5.260845109,1.312619749,0.287408447
2011m3,391.27,51.52378996,1.468833135,7.110296104,0.322,5.298485903,1.313344966,0.286485483
2011m4,390.83,49.26959237,1.571244241,6.407997313,0.350547619,5.579257346,1.277791177,0.280867183
2011m5,391.24,49.18383038,1.608511698,6.14565659,0.389642857,5.547839078,1.222814583,0.277681109
2011m6,391.64,48.62144925,1.641378331,6.428838916,0.403285714,5.217691454,1.128275397,0.276191815
2011m7,392.25,48.10788863,1.619703269,6.400945805,0.435404762,4.61750873,1.09195151,0.273070598
2011m8,392.04,48.60666265,1.579872616,6.409412993,0.447761905,4.701702279,1.014509882,0.27175188
2011m9,392.6,48.75492313,1.553143225,6.529591487,0.425,4.56,1.020266667,0.285282766
2011m10,392.53,49.72405253,1.507513804,7.076640415,0.374761905,4.56131211,1.108358577,0.271060546
2011m11,392.64,49.86120476,1.515453609,6.105529494,0.380238095,5.317901587,1.169636508,0.282626284
2011m12,392.86,48.93472816,1.516872789,6.717816756,0.408238095,5.476640904,1.253714183,0.280398017
2012m1,393.07,47.81721531,1.541626781,6.437604803,0.447031008,5.503207144,1.287104906,0.280705279
2012m2,393.2,49.7536996,1.508072723,6.330554258,0.366426357,5.450845109,1.302655463,0.285462954
2012m3,392.99,48.63123239,1.546469791,5.817376944,0.362,5.948485903,1.281506256,0.281463407
2012m4,393.65,47.64082989,1.639758709,6.814038234,0.386547619,6.099257346,1.265657844,0.28311821
2012m5,393.73,48.42030831,1.633184682,6.454531862,0.466642857,5.877839078,1.203137164,0.279152285
2012m6,393.63,48.93490674,1.713283247,6.754783175,0.437285714,5.137691454,1.094775397,0.268879853
2012m7,394.12,50.33709156,1.625293148,6.670137765,0.525404762,4.56750873,1.089693446,0.268518079
2012m8,394.37,50.00844445,1.557689697,6.480336583,0.546761905,3.921702279,1.056767947,0.269035248
2012m9,394.74,50.63029427,1.584005087,7.37045384,0.585,3.57,1.1425,0.266810465
2012m10,394.64,50.6076897,1.625767656,7.029676787,0.545761905,3.99131211,1.14213277,0.262270668
2012m11,395.25,51.38627376,1.523849109,7.153273412,0.568238095,4.937901587,1.113503174,0.285533435
2012m12,395.27,48.98115126,1.557438706,5.307614176,0.552238095,5.336640904,1.201230312,0.29373623
2013m1,395.62,47.80108771,1.493601059,6.436008413,0.448031008,5.473207144,1.226492003,0.291776534
2013m2,396.23,48.68560364,1.542220634,4.723625608,0.488426357,5.620845109,1.282012606,0.289686758
2013m3,396.07,50.10598147,1.568264003,6.269159763,0.412,5.778485903,1.304925611,0.293212972
2013m4,395.79,50.03555245,1.627286041,6.595322547,0.481547619,5.769257346,1.300957844,0.293077496
2013m5,396.64,49.67186786,1.626768933,6.035665564,0.506642857,5.867839078,1.233782325,0.280569156
2013m6,396.48,49.90657929,1.63500827,6.197654532,0.462285714,5.827691454,1.15360873,0.274980074
2013m7,397.12,49.96150151,1.624284275,6.308009875,0.615404762,5.02750873,1.151919252,0.281857047
2013m8,397.27,49.76743184,1.568699965,6.234935623,0.585761905,5.211702279,1.08605827,0.286078317
2013m9,397.24,49.09800326,1.589413649,6.608678021,0.598,5.21,1.095366667,0.291055007
2013m10,397.25,50.10254646,1.484095796,6.534297647,0.553761905,5.55131211,1.142035996,0.288351279
2013m11,397.35,51.16634543,1.575617597,6.548479746,0.576238095,5.487901587,1.245703174,0.276119845
2013m12,397.78,49.46791073,1.549480505,6.916578646,0.520238095,5.506640904,1.309585151,0.282064025
2014m1,397.74,48.15916789,1.589234499,6.691178803,0.505031008,5.423207144,1.356588777,0.277746087
2014m2,397.45,49.65492392,1.574046999,6.859405218,0.534426357,5.320845109,1.358405463,0.283120048
2014m3,398.37,48.8094064,1.586199694,7.505034489,0.491,5.508485903,1.332990127,0.280664214
2014m4,398.63,49.75725957,1.578475753,6.651699232,0.595547619,5.559257346,1.328857844,0.283370054
2014m5,398.56,49.52541368,1.617389511,6.227778163,0.621642857,5.567839078,1.26720168,0.283989023
2014m6,399.1,48.19285333,1.643848617,6.02304122,0.753285714,5.497691454,1.213542063,0.279343238
2014m7,398.85,48.76781768,1.620651234,6.134287035,0.801404762,5.00750873,1.367177317,0.285508553
2014m8,399.07,49.0430689,1.625889254,6.447858583,0.885761905,5.281702279,1.388316334,0.290317382
2014m9,399.11,50.88815662,1.60365526,6.573863822,0.888,5.22,1.419833333,0.29365349
2014m10,399.58,50.58257222,1.599738883,7.05760216,0.772761905,5.33131211,1.383003738,0.287168932
2014m11,399.49,49.77358807,1.588437533,6.291406698,0.713238095,5.657901587,1.369603174,0.284640271
2014m12,399.81,50.17897567,1.560072146,6.730518816,0.666238095,5.676640904,1.40626257,0.281759418
2015m1,399.92,50.38983886,1.578945108,6.584394473,0.636031008,5.373207144,1.435975874,0.28007143
2015m2,399.77,52.0681444,1.636317096,6.568945288,0.645426357,5.300845109,1.457191178,0.28134795
2015m3,400.22,50.81660748,1.600013198,7.118889356,0.609,5.118485903,1.460699805,0.278152159
2015m4,400.46,48.60024132,1.573003082,6.953570474,0.714547619,5.359257346,1.431557844,0.281528853
2015m5,400.7,49.19318027,1.610453821,5.721285894,0.780642857,5.337839078,1.395814583,0.281690179
2015m6,400.65,48.7445987,1.655891661,6.514301926,0.754285714,5.347691454,1.32810873,0.277395285
2015m7,401.11,47.30165434,1.590666138,6.288178965,0.762404762,5.27750873,1.257725704,0.275509578
2015m8,401.04,49.39056987,1.59980417,6.173375083,0.908761905,4.801702279,1.257445366,0.280753508
2015m9,401.43,51.05363601,1.608545337,6.759221514,0.963,4.62,1.3417,0.291716577
2015m10,401.89,50.93873042,1.61652988,7.601259681,0.953761905,5.07131211,1.277616641,0.286521627
2015m11,402.24,51.05848387,1.553279975,7.599372035,0.953238095,5.397901587,1.284503174,0.288238044
2015m12,402.72,48.91224103,1.59898533,7.304877406,0.978238095,5.366640904,1.35493999,0.282129089
2016m1,402.45,50.51815979,1.588597844,8.949678863,0.912031008,5.233207144,1.359330713,0.285706673
2016m2,403.4,48.68888826,1.572362112,9.051542932,0.769426357,5.100845109,1.347191178,0.278797961
2016m3,403.54,48.75669538,1.593614485,8.326093945,0.754,5.148485903,1.33760303,0.279063507
2016m4,404.77,47.61577391,1.624389823,7.094452939,0.757547619,5.149257346,1.318691177,0.277100771
2016m5,404.41,48.88764868,1.641084044,6.855192644,0.850642857,4.787839078,1.295975874,0.272811734
2016m6,404.59,50.05721352,1.640273288,6.562739186,0.863285714,4.877691454,1.19590873,0.274511366
2016m7,404.24,50.47625543,1.617652665,6.551039575,0.907404762,4.83750873,1.175693446,0.27543268
2016m8,404.41,51.36922167,1.632289141,6.546704993,0.877761905,4.571702279,1.133703431,0.266304058
2016m9,404.85,49.61916583,1.610571519,7.553810089,0.841,4.53,1.105466667,0.260801339
2016m10,405.23,50.38311344,1.559553746,7.720199589,0.853761905,4.18131211,1.132842448,0.271688253
2016m11,405.74,50.98813637,1.546344285,8.783613031,0.705238095,4.207901587,1.171203174,0.284788457
2016m12,405.33,51.06645861,1.575229704,7.787682484,0.679238095,4.786640904,1.180488377,0.292035597
2017m1,406.04,51.23054708,1.589298807,7.945251343,0.709031008,4.963207144,1.176298455,0.292702823
2017m2,405.81,50.38450563,1.553477867,8.036308068,0.665426357,5.020845109,1.195405463,0.285919988
2017m3,406.05,51.25282162,1.565707733,7.93084018,0.685,5.038485903,1.219635288,0.283767193
2017m4,406.37,48.7997625,1.607372857,7.023565783,0.783547619,5.219257346,1.181657844,0.287709851
2017m5,406.37,47.93871039,1.550129061,6.053866318,0.701642857,5.497839078,1.113943616,0.289223286
2017m6,406.68,48.10961469,1.577526741,6.204586117,0.762285714,5.227691454,1.01730873,0.281332497
2017m7,407.01,49.16961417,1.569824862,6.303794185,0.768404762,4.83750873,1.041145058,0.283368119
2017m8,407.31,51.20109574,1.681085244,6.480211263,0.793761905,4.681702279,1.063445366,0.271260254
2017m9,407.17,49.1454455,1.681758488,7.056153988,0.691,4.82,1.060833333,0.27420759
2017m10,407.23,50.40639652,1.623259783,7.371984478,0.749761905,4.87131211,1.125455351,0.278959736
2017m11,407.36,49.87579038,1.49637001,7.56408894,0.735238095,5.037901587,1.218703174,0.284853499
2017m12,407.71,49.61095165,1.509512662,7.928081264,0.585238095,5.066640904,1.259488377,0.283188923
2018m1,407.82,49.71068388,1.564745751,7.317963333,0.614031008,4.833207144,1.289750068,0.280082184
2018m2,407.61,50.89378826,1.538381405,8.6337556,0.642426357,4.850845109,1.314762606,0.282014196
2018m3,408.06,50.33021905,1.598061431,6.258937829,0.659,5.048485903,1.313022385,0.286809409
2018m4,407.65,48.67036202,1.512864819,6.703410837,0.679547619,5.179257346,1.323357844,0.291140956
2018m5,407.98,49.58024589,1.570228737,6.784621787,0.697642857,5.077839078,1.299524261,0.287808564
2018m6,408.6,49.85061769,1.580514213,6.376615682,0.687285714,5.177691454,1.204842063,0.281908696
2018m7,408.59,50.53493727,1.561911619,6.348590535,0.605404762,5.11750873,1.119177317,0.280910507
2018m8,409.17,49.10529033,1.60735987,6.602668453,0.653761905,4.811702279,1.124509882,0.276640397
2018m9,409.31,50.77795278,1.619213808,6.964116671,0.76,4.71,1.106366667,0.272077994
2018m10,409.56,50.44147823,1.557240123,7.905326193,0.769761905,4.16131211,1.154487609,0.266490786
2018m11,410.24,49.80122164,1.547533995,6.36627655,0.783238095,5.352901587,1.184736508,0.287100464
2018m12,409.99,51.21992693,1.567621986,6.510885536,0.723238095,5.183640904,1.283036764,0.288063997
2019m1,410.66,49.27989343,1.544687874,5.840965503,0.701031008,5.333207144,1.318911358,0.286419432
2019m2,411,52.2746221,1.567394266,6.418415628,0.704426357,5.300845109,1.359691178,0.286214877
2019m3,410.72,50.23246254,1.544042138,7.520652374,0.707,5.298485903,1.348893353,0.283447302
2019m4,410.86,50.03308603,1.584501475,7.569710677,0.691547619,4.919257346,1.358391177,0.28237877
2019m5,411.45,48.09937744,1.599498836,7.24399237,0.685642857,5.027839078,1.243233938,0.279880672
2019m6,411.73,49.79072889,1.59372976,6.859067584,0.815285714,4.997691454,1.090942063,0.274175032
2019m7,411.61,48.10572537,1.562747162,6.635650355,0.934404762,4.48750873,1.048338607,0.273113738
2019m8,412.17,49.99277324,1.607641447,6.822167353,0.987761905,4.231702279,1.021413108,0.268621542
2019m9,412.35,49.5129004,1.539020734,7.32774756,0.974,4.32,1.0122,0.272775881
2019m10,412.11,49.78197642,1.638340146,7.45363765,0.913761905,3.76131211,1.129294061,0.269495869
2019m11,412.51,50.1951424,1.518206022,6.891632569,0.867238095,4.877901587,1.153069841,0.284519437
2019m12,412.71,49.56432735,1.500078577,7.187728676,0.800238095,5.276640904,1.224423861,0.282430343
2020m1,413.24,49.25681636,1.546067295,6.579987703,0.860031008,5.423207144,1.2658791,0.282693383
2020m2,413.38,49.02315292,1.543567901,7.019145728,0.853426357,5.580845109,1.304369749,0.282724174
2020m3,413.27,51.48384321,1.600402267,6.462478686,0.875,5.528485903,1.328570772,0.28682657
2020m4,413.76,50.29445053,1.586150994,7.4781606,0.900547619,5.199257346,1.336657844,0.286674673
2020m5,413.89,47.44766374,1.595620095,6.87541271,0.859642857,5.227839078,1.282717809,0.279126537
2020m6,414.17,48.07800065,1.63536805,6.321135635,0.883285714,5.047691454,1.154142063,0.275450902
2020m7,414.25,46.68809804,1.667550789,6.442389185,1.011404762,4.18750873,1.117403123,0.268743668
2020m8,414.77,47.64404259,1.640791703,6.793087183,1.016761905,4.271702279,1.051671173,0.26618769
2020m9,415.1,49.22885865,1.571684046,7.22330707,0.969,4,1.0649,0.261255398
2020m10,414.86,48.43489735,1.61291573,7.663257925,0.901761905,3.43131211,1.151777932,0.260141925
2020m11,415.15,50.62358802,1.549180298,8.40947231,0.844238095,4.537901587,1.133769841,0.283545591
2020m12,414.99,46.9873418,1.487329381,7.002246366,0.801238095,5.056640904,1.18993999,0.28231836
2021m1,415.15,47.35988285,1.541414563,6.935058823,0.632031008,5.253207144,1.226653293,0.284257453
2021m2,415.79,48.20890892,1.512767257,6.833090918,0.664426357,5.290845109,1.290155463,0.288187486
2021m3,416.18,48.32854975,1.537064646,5.900569334,0.706,5.388485903,1.315538514,0.286958065
2021m4,416.36,50.03147032,1.538803726,6.910184235,0.721547619,5.309257346,1.316357844,0.284368567
2021m5,415.71,48.94298652,1.617813949,6.84827626,0.742642857,5.527839078,1.260330712,0.280578658
2021m6,416.51,48.79498938,1.553659088,6.339530367,0.715285714,5.177691454,1.15120873,0.276245128
2021m7,416.6,49.10071892,1.572167944,6.185583325,0.764404762,4.58750873,1.101048284,0.277810488
2021m8,416.46,50.68994881,1.649403399,6.645326943,0.778761905,4.955573247,1.015122786,0.27217169
2021m9,416.88,50.10287721,1.624776884,6.766852029,0.851,4.915366667,1.019333333,0.274080131
2021m10,417.28,47.57544512,1.541716375,7.90950359,0.856761905,4.871570175,1.100261803,0.276259692
2021m11,417.04,49.65026537,1.514183514,7.93953131,0.805238095,5.356401587,1.185803174,0.281530377
2021m12,417.44,50.39878931,1.401946743,7.747325478,0.790238095,5.546474234,1.287520635,0.284169008
2022m1,417.82,51.2748206,1.694083375,8.003791503,0.746031008,5.650626494,1.296846842,0.285985722
2022m2,418.32,50.02158893,1.482497162,8.204716498,0.692426357,5.515237969,1.308226892,0.284436499
2022m3,417.34,48.68508482,1.546370112,8.565021332,,5.334324613,1.331377224,0.285733978
2022m4,417.55,47.91923913,1.553784433,6.602771718,,5.511924016,1.333957844,0.292452815
2022m5,417.57,49.37318212,1.563871826,6.327734144,,5.901491248,1.255008132,0.287244632